INFO:     Started server process [20868]
INFO:     Waiting for application startup.
INFO:     Application startup complete.
INFO:     Uvicorn running on http://127.0.0.1:8000 (Press CTRL+C to quit)
/opt/homebrew/opt/python@3.14/bin/python3.14: No module named uvicorn
Traceback (most recent call last):
  File "/opt/homebrew/Cellar/fastapi/0.129.0/libexec/bin/uvicorn", line 6, in <module>
    sys.exit(main())
             ~~~~^^
  File "/opt/homebrew/Cellar/fastapi/0.129.0/libexec/lib/python3.14/site-packages/click/core.py", line 1485, in __call__
    return self.main(*args, **kwargs)
           ~~~~~~~~~^^^^^^^^^^^^^^^^^
  File "/opt/homebrew/Cellar/fastapi/0.129.0/libexec/lib/python3.14/site-packages/click/core.py", line 1406, in main
    rv = self.invoke(ctx)
  File "/opt/homebrew/Cellar/fastapi/0.129.0/libexec/lib/python3.14/site-packages/click/core.py", line 1269, in invoke
    return ctx.invoke(self.callback, **ctx.params)
           ~~~~~~~~~~^^^^^^^^^^^^^^^^^^^^^^^^^^^^^
  File "/opt/homebrew/Cellar/fastapi/0.129.0/libexec/lib/python3.14/site-packages/click/core.py", line 824, in invoke
    return callback(*args, **kwargs)
  File "/opt/homebrew/Cellar/fastapi/0.129.0/libexec/lib/python3.14/site-packages/uvicorn/main.py", line 424, in main
    run(
    ~~~^
        app,
        ^^^^
    ...<46 lines>...
        h11_max_incomplete_event_size=h11_max_incomplete_event_size,
        ^^^^^^^^^^^^^^^^^^^^^^^^^^^^^^^^^^^^^^^^^^^^^^^^^^^^^^^^^^^^
    )
    ^
  File "/opt/homebrew/Cellar/fastapi/0.129.0/libexec/lib/python3.14/site-packages/uvicorn/main.py", line 594, in run
    server.run()
    ~~~~~~~~~~^^
  File "/opt/homebrew/Cellar/fastapi/0.129.0/libexec/lib/python3.14/site-packages/uvicorn/server.py", line 67, in run
    return asyncio_run(self.serve(sockets=sockets), loop_factory=self.config.get_loop_factory())
  File "/opt/homebrew/Cellar/python@3.14/3.14.3_1/Frameworks/Python.framework/Versions/3.14/lib/python3.14/asyncio/runners.py", line 204, in run
    return runner.run(main)
           ~~~~~~~~~~^^^^^^
  File "/opt/homebrew/Cellar/python@3.14/3.14.3_1/Frameworks/Python.framework/Versions/3.14/lib/python3.14/asyncio/runners.py", line 127, in run
    return self._loop.run_until_complete(task)
           ~~~~~~~~~~~~~~~~~~~~~~~~~~~~~^^^^^^
  File "uvloop/loop.pyx", line 1518, in uvloop.loop.Loop.run_until_complete
  File "/opt/homebrew/Cellar/fastapi/0.129.0/libexec/lib/python3.14/site-packages/uvicorn/server.py", line 71, in serve
    await self._serve(sockets)
  File "/opt/homebrew/Cellar/fastapi/0.129.0/libexec/lib/python3.14/site-packages/uvicorn/server.py", line 78, in _serve
    config.load()
    ~~~~~~~~~~~^^
  File "/opt/homebrew/Cellar/fastapi/0.129.0/libexec/lib/python3.14/site-packages/uvicorn/config.py", line 439, in load
    self.loaded_app = import_from_string(self.app)
                      ~~~~~~~~~~~~~~~~~~^^^^^^^^^^
  File "/opt/homebrew/Cellar/fastapi/0.129.0/libexec/lib/python3.14/site-packages/uvicorn/importer.py", line 22, in import_from_string
    raise exc from None
  File "/opt/homebrew/Cellar/fastapi/0.129.0/libexec/lib/python3.14/site-packages/uvicorn/importer.py", line 19, in import_from_string
    module = importlib.import_module(module_str)
  File "/opt/homebrew/Cellar/python@3.14/3.14.3_1/Frameworks/Python.framework/Versions/3.14/lib/python3.14/importlib/__init__.py", line 88, in import_module
    return _bootstrap._gcd_import(name[level:], package, level)
           ~~~~~~~~~~~~~~~~~~~~~~^^^^^^^^^^^^^^^^^^^^^^^^^^^^^^
  File "<frozen importlib._bootstrap>", line 1398, in _gcd_import
  File "<frozen importlib._bootstrap>", line 1371, in _find_and_load
  File "<frozen importlib._bootstrap>", line 1342, in _find_and_load_unlocked
  File "<frozen importlib._bootstrap>", line 938, in _load_unlocked
  File "<frozen importlib._bootstrap_external>", line 759, in exec_module
  File "<frozen importlib._bootstrap>", line 491, in _call_with_frames_removed
  File "/Users/marioscordia/Desktop/qualityassurance/app/main.py", line 5, in <module>
    from app.presentation.api.api import api_router
  File "/Users/marioscordia/Desktop/qualityassurance/app/presentation/api/api.py", line 3, in <module>
    from app.presentation.api.routers.admin import router as admin_router
  File "/Users/marioscordia/Desktop/qualityassurance/app/presentation/api/routers/admin.py", line 5, in <module>
    from app.presentation.api.dependencies import ServiceBundle, get_admin_services, translate_domain_error
  File "/Users/marioscordia/Desktop/qualityassurance/app/presentation/api/dependencies.py", line 6, in <module>
    from sqlalchemy.orm import Session
ModuleNotFoundError: No module named 'sqlalchemy'
INFO:     Started server process [53649]
INFO:     Waiting for application startup.
INFO:     Application startup complete.
INFO:     Uvicorn running on http://127.0.0.1:8000 (Press CTRL+C to quit)
ERROR:    Exception in ASGI application
Traceback (most recent call last):
  File "/Users/marioscordia/Desktop/fastapi-shop/backend/venv/lib/python3.14/site-packages/sqlalchemy/engine/base.py", line 143, in __init__
    self._dbapi_connection = engine.raw_connection()
                             ~~~~~~~~~~~~~~~~~~~~~^^
  File "/Users/marioscordia/Desktop/fastapi-shop/backend/venv/lib/python3.14/site-packages/sqlalchemy/engine/base.py", line 3309, in raw_connection
    return self.pool.connect()
           ~~~~~~~~~~~~~~~~~^^
  File "/Users/marioscordia/Desktop/fastapi-shop/backend/venv/lib/python3.14/site-packages/sqlalchemy/pool/base.py", line 447, in connect
    return _ConnectionFairy._checkout(self)
           ~~~~~~~~~~~~~~~~~~~~~~~~~~^^^^^^
  File "/Users/marioscordia/Desktop/fastapi-shop/backend/venv/lib/python3.14/site-packages/sqlalchemy/pool/base.py", line 1264, in _checkout
    fairy = _ConnectionRecord.checkout(pool)
  File "/Users/marioscordia/Desktop/fastapi-shop/backend/venv/lib/python3.14/site-packages/sqlalchemy/pool/base.py", line 711, in checkout
    rec = pool._do_get()
  File "/Users/marioscordia/Desktop/fastapi-shop/backend/venv/lib/python3.14/site-packages/sqlalchemy/pool/impl.py", line 177, in _do_get
    with util.safe_reraise():
         ~~~~~~~~~~~~~~~~~^^
  File "/Users/marioscordia/Desktop/fastapi-shop/backend/venv/lib/python3.14/site-packages/sqlalchemy/util/langhelpers.py", line 224, in __exit__
    raise exc_value.with_traceback(exc_tb)
  File "/Users/marioscordia/Desktop/fastapi-shop/backend/venv/lib/python3.14/site-packages/sqlalchemy/pool/impl.py", line 175, in _do_get
    return self._create_connection()
           ~~~~~~~~~~~~~~~~~~~~~~~^^
  File "/Users/marioscordia/Desktop/fastapi-shop/backend/venv/lib/python3.14/site-packages/sqlalchemy/pool/base.py", line 388, in _create_connection
    return _ConnectionRecord(self)
  File "/Users/marioscordia/Desktop/fastapi-shop/backend/venv/lib/python3.14/site-packages/sqlalchemy/pool/base.py", line 673, in __init__
    self.__connect()
    ~~~~~~~~~~~~~~^^
  File "/Users/marioscordia/Desktop/fastapi-shop/backend/venv/lib/python3.14/site-packages/sqlalchemy/pool/base.py", line 899, in __connect
    with util.safe_reraise():
         ~~~~~~~~~~~~~~~~~^^
  File "/Users/marioscordia/Desktop/fastapi-shop/backend/venv/lib/python3.14/site-packages/sqlalchemy/util/langhelpers.py", line 224, in __exit__
    raise exc_value.with_traceback(exc_tb)
  File "/Users/marioscordia/Desktop/fastapi-shop/backend/venv/lib/python3.14/site-packages/sqlalchemy/pool/base.py", line 895, in __connect
    self.dbapi_connection = connection = pool._invoke_creator(self)
                                         ~~~~~~~~~~~~~~~~~~~~^^^^^^
  File "/Users/marioscordia/Desktop/fastapi-shop/backend/venv/lib/python3.14/site-packages/sqlalchemy/engine/create.py", line 661, in connect
    return dialect.connect(*cargs, **cparams)
           ~~~~~~~~~~~~~~~^^^^^^^^^^^^^^^^^^^
  File "/Users/marioscordia/Desktop/fastapi-shop/backend/venv/lib/python3.14/site-packages/sqlalchemy/engine/default.py", line 630, in connect
    return self.loaded_dbapi.connect(*cargs, **cparams)  # type: ignore[no-any-return]  # NOQA: E501
           ~~~~~~~~~~~~~~~~~~~~~~~~~^^^^^^^^^^^^^^^^^^^
  File "/Users/marioscordia/Desktop/fastapi-shop/backend/venv/lib/python3.14/site-packages/psycopg/connection.py", line 130, in connect
    raise new_ex.with_traceback(None)
psycopg.OperationalError: connection failed: connection to server at "127.0.0.1", port 5432 failed: FATAL:  password authentication failed for user "novacart"
Multiple connection attempts failed. All failures were:
- host: 'localhost', port: 5432, hostaddr: '::1': connection failed: connection to server at "::1", port 5432 failed: FATAL:  password authentication failed for user "novacart"
- host: 'localhost', port: 5432, hostaddr: '127.0.0.1': connection failed: connection to server at "127.0.0.1", port 5432 failed: FATAL:  password authentication failed for user "novacart"

The above exception was the direct cause of the following exception:

Traceback (most recent call last):
  File "/Users/marioscordia/Desktop/fastapi-shop/backend/venv/lib/python3.14/site-packages/uvicorn/protocols/http/h11_impl.py", line 410, in run_asgi
    result = await app(  # type: ignore[func-returns-value]
             ^^^^^^^^^^^^^^^^^^^^^^^^^^^^^^^^^^^^^^^^^^^^^^
        self.scope, self.receive, self.send
        ^^^^^^^^^^^^^^^^^^^^^^^^^^^^^^^^^^^
    )
    ^
  File "/Users/marioscordia/Desktop/fastapi-shop/backend/venv/lib/python3.14/site-packages/uvicorn/middleware/proxy_headers.py", line 60, in __call__
    return await self.app(scope, receive, send)
           ^^^^^^^^^^^^^^^^^^^^^^^^^^^^^^^^^^^^
  File "/Users/marioscordia/Desktop/fastapi-shop/backend/venv/lib/python3.14/site-packages/fastapi/applications.py", line 1134, in __call__
    await super().__call__(scope, receive, send)
  File "/Users/marioscordia/Desktop/fastapi-shop/backend/venv/lib/python3.14/site-packages/starlette/applications.py", line 107, in __call__
    await self.middleware_stack(scope, receive, send)
  File "/Users/marioscordia/Desktop/fastapi-shop/backend/venv/lib/python3.14/site-packages/starlette/middleware/errors.py", line 186, in __call__
    raise exc
  File "/Users/marioscordia/Desktop/fastapi-shop/backend/venv/lib/python3.14/site-packages/starlette/middleware/errors.py", line 164, in __call__
    await self.app(scope, receive, _send)
  File "/Users/marioscordia/Desktop/fastapi-shop/backend/venv/lib/python3.14/site-packages/starlette/middleware/cors.py", line 87, in __call__
    await self.app(scope, receive, send)
  File "/Users/marioscordia/Desktop/fastapi-shop/backend/venv/lib/python3.14/site-packages/starlette/middleware/exceptions.py", line 63, in __call__
    await wrap_app_handling_exceptions(self.app, conn)(scope, receive, send)
  File "/Users/marioscordia/Desktop/fastapi-shop/backend/venv/lib/python3.14/site-packages/starlette/_exception_handler.py", line 53, in wrapped_app
    raise exc
  File "/Users/marioscordia/Desktop/fastapi-shop/backend/venv/lib/python3.14/site-packages/starlette/_exception_handler.py", line 42, in wrapped_app
    await app(scope, receive, sender)
  File "/Users/marioscordia/Desktop/fastapi-shop/backend/venv/lib/python3.14/site-packages/fastapi/middleware/asyncexitstack.py", line 18, in __call__
    await self.app(scope, receive, send)
  File "/Users/marioscordia/Desktop/fastapi-shop/backend/venv/lib/python3.14/site-packages/starlette/routing.py", line 716, in __call__
    await self.middleware_stack(scope, receive, send)
  File "/Users/marioscordia/Desktop/fastapi-shop/backend/venv/lib/python3.14/site-packages/starlette/routing.py", line 736, in app
    await route.handle(scope, receive, send)
  File "/Users/marioscordia/Desktop/fastapi-shop/backend/venv/lib/python3.14/site-packages/starlette/routing.py", line 290, in handle
    await self.app(scope, receive, send)
  File "/Users/marioscordia/Desktop/fastapi-shop/backend/venv/lib/python3.14/site-packages/fastapi/routing.py", line 119, in app
    await wrap_app_handling_exceptions(app, request)(scope, receive, send)
  File "/Users/marioscordia/Desktop/fastapi-shop/backend/venv/lib/python3.14/site-packages/starlette/_exception_handler.py", line 53, in wrapped_app
    raise exc
  File "/Users/marioscordia/Desktop/fastapi-shop/backend/venv/lib/python3.14/site-packages/starlette/_exception_handler.py", line 42, in wrapped_app
    await app(scope, receive, sender)
  File "/Users/marioscordia/Desktop/fastapi-shop/backend/venv/lib/python3.14/site-packages/fastapi/routing.py", line 105, in app
    response = await f(request)
               ^^^^^^^^^^^^^^^^
  File "/Users/marioscordia/Desktop/fastapi-shop/backend/venv/lib/python3.14/site-packages/fastapi/routing.py", line 424, in app
    raw_response = await run_endpoint_function(
                   ^^^^^^^^^^^^^^^^^^^^^^^^^^^^
    ...<3 lines>...
    )
    ^
  File "/Users/marioscordia/Desktop/fastapi-shop/backend/venv/lib/python3.14/site-packages/fastapi/routing.py", line 314, in run_endpoint_function
    return await run_in_threadpool(dependant.call, **values)
           ^^^^^^^^^^^^^^^^^^^^^^^^^^^^^^^^^^^^^^^^^^^^^^^^^
  File "/Users/marioscordia/Desktop/fastapi-shop/backend/venv/lib/python3.14/site-packages/starlette/concurrency.py", line 32, in run_in_threadpool
    return await anyio.to_thread.run_sync(func)
           ^^^^^^^^^^^^^^^^^^^^^^^^^^^^^^^^^^^^
  File "/Users/marioscordia/Desktop/fastapi-shop/backend/venv/lib/python3.14/site-packages/anyio/to_thread.py", line 63, in run_sync
    return await get_async_backend().run_sync_in_worker_thread(
           ^^^^^^^^^^^^^^^^^^^^^^^^^^^^^^^^^^^^^^^^^^^^^^^^^^^^
        func, args, abandon_on_cancel=abandon_on_cancel, limiter=limiter
        ^^^^^^^^^^^^^^^^^^^^^^^^^^^^^^^^^^^^^^^^^^^^^^^^^^^^^^^^^^^^^^^^
    )
    ^
  File "/Users/marioscordia/Desktop/fastapi-shop/backend/venv/lib/python3.14/site-packages/anyio/_backends/_asyncio.py", line 2502, in run_sync_in_worker_thread
    return await future
           ^^^^^^^^^^^^
  File "/Users/marioscordia/Desktop/fastapi-shop/backend/venv/lib/python3.14/site-packages/anyio/_backends/_asyncio.py", line 986, in run
    result = context.run(func, *args)
  File "/Users/marioscordia/Desktop/qualityassurance/app/presentation/api/routers/catalog.py", line 29, in list_products
    return services.catalog.list_products(filters)
           ~~~~~~~~~~~~~~~~~~~~~~~~~~~~~~^^^^^^^^^
  File "/Users/marioscordia/Desktop/qualityassurance/app/application/services.py", line 33, in list_products
    products = self.products.list()
  File "/Users/marioscordia/Desktop/qualityassurance/app/infrastructure/repositories/sqlalchemy.py", line 130, in list
    return [_product_entity(model) for model in self.session.scalars(query).all()]
                                                ~~~~~~~~~~~~~~~~~~~~^^^^^^^
  File "/Users/marioscordia/Desktop/fastapi-shop/backend/venv/lib/python3.14/site-packages/sqlalchemy/orm/session.py", line 2459, in scalars
    return self._execute_internal(
           ~~~~~~~~~~~~~~~~~~~~~~^
        statement,
        ^^^^^^^^^^
    ...<4 lines>...
        **kw,
        ^^^^^
    ).scalars()
    ^
  File "/Users/marioscordia/Desktop/fastapi-shop/backend/venv/lib/python3.14/site-packages/sqlalchemy/orm/session.py", line 2239, in _execute_internal
    conn = self._connection_for_bind(bind)
  File "/Users/marioscordia/Desktop/fastapi-shop/backend/venv/lib/python3.14/site-packages/sqlalchemy/orm/session.py", line 2108, in _connection_for_bind
    return trans._connection_for_bind(engine, execution_options)
           ~~~~~~~~~~~~~~~~~~~~~~~~~~^^^^^^^^^^^^^^^^^^^^^^^^^^^
  File "<string>", line 2, in _connection_for_bind
  File "/Users/marioscordia/Desktop/fastapi-shop/backend/venv/lib/python3.14/site-packages/sqlalchemy/orm/state_changes.py", line 137, in _go
    ret_value = fn(self, *arg, **kw)
  File "/Users/marioscordia/Desktop/fastapi-shop/backend/venv/lib/python3.14/site-packages/sqlalchemy/orm/session.py", line 1187, in _connection_for_bind
    conn = bind.connect()
  File "/Users/marioscordia/Desktop/fastapi-shop/backend/venv/lib/python3.14/site-packages/sqlalchemy/engine/base.py", line 3285, in connect
    return self._connection_cls(self)
           ~~~~~~~~~~~~~~~~~~~~^^^^^^
  File "/Users/marioscordia/Desktop/fastapi-shop/backend/venv/lib/python3.14/site-packages/sqlalchemy/engine/base.py", line 145, in __init__
    Connection._handle_dbapi_exception_noconnection(
    ~~~~~~~~~~~~~~~~~~~~~~~~~~~~~~~~~~~~~~~~~~~~~~~^
        err, dialect, engine
        ^^^^^^^^^^^^^^^^^^^^
    )
    ^
  File "/Users/marioscordia/Desktop/fastapi-shop/backend/venv/lib/python3.14/site-packages/sqlalchemy/engine/base.py", line 2448, in _handle_dbapi_exception_noconnection
    raise sqlalchemy_exception.with_traceback(exc_info[2]) from e
  File "/Users/marioscordia/Desktop/fastapi-shop/backend/venv/lib/python3.14/site-packages/sqlalchemy/engine/base.py", line 143, in __init__
    self._dbapi_connection = engine.raw_connection()
                             ~~~~~~~~~~~~~~~~~~~~~^^
  File "/Users/marioscordia/Desktop/fastapi-shop/backend/venv/lib/python3.14/site-packages/sqlalchemy/engine/base.py", line 3309, in raw_connection
    return self.pool.connect()
           ~~~~~~~~~~~~~~~~~^^
  File "/Users/marioscordia/Desktop/fastapi-shop/backend/venv/lib/python3.14/site-packages/sqlalchemy/pool/base.py", line 447, in connect
    return _ConnectionFairy._checkout(self)
           ~~~~~~~~~~~~~~~~~~~~~~~~~~^^^^^^
  File "/Users/marioscordia/Desktop/fastapi-shop/backend/venv/lib/python3.14/site-packages/sqlalchemy/pool/base.py", line 1264, in _checkout
    fairy = _ConnectionRecord.checkout(pool)
  File "/Users/marioscordia/Desktop/fastapi-shop/backend/venv/lib/python3.14/site-packages/sqlalchemy/pool/base.py", line 711, in checkout
    rec = pool._do_get()
  File "/Users/marioscordia/Desktop/fastapi-shop/backend/venv/lib/python3.14/site-packages/sqlalchemy/pool/impl.py", line 177, in _do_get
    with util.safe_reraise():
         ~~~~~~~~~~~~~~~~~^^
  File "/Users/marioscordia/Desktop/fastapi-shop/backend/venv/lib/python3.14/site-packages/sqlalchemy/util/langhelpers.py", line 224, in __exit__
    raise exc_value.with_traceback(exc_tb)
  File "/Users/marioscordia/Desktop/fastapi-shop/backend/venv/lib/python3.14/site-packages/sqlalchemy/pool/impl.py", line 175, in _do_get
    return self._create_connection()
           ~~~~~~~~~~~~~~~~~~~~~~~^^
  File "/Users/marioscordia/Desktop/fastapi-shop/backend/venv/lib/python3.14/site-packages/sqlalchemy/pool/base.py", line 388, in _create_connection
    return _ConnectionRecord(self)
  File "/Users/marioscordia/Desktop/fastapi-shop/backend/venv/lib/python3.14/site-packages/sqlalchemy/pool/base.py", line 673, in __init__
    self.__connect()
    ~~~~~~~~~~~~~~^^
  File "/Users/marioscordia/Desktop/fastapi-shop/backend/venv/lib/python3.14/site-packages/sqlalchemy/pool/base.py", line 899, in __connect
    with util.safe_reraise():
         ~~~~~~~~~~~~~~~~~^^
  File "/Users/marioscordia/Desktop/fastapi-shop/backend/venv/lib/python3.14/site-packages/sqlalchemy/util/langhelpers.py", line 224, in __exit__
    raise exc_value.with_traceback(exc_tb)
  File "/Users/marioscordia/Desktop/fastapi-shop/backend/venv/lib/python3.14/site-packages/sqlalchemy/pool/base.py", line 895, in __connect
    self.dbapi_connection = connection = pool._invoke_creator(self)
                                         ~~~~~~~~~~~~~~~~~~~~^^^^^^
  File "/Users/marioscordia/Desktop/fastapi-shop/backend/venv/lib/python3.14/site-packages/sqlalchemy/engine/create.py", line 661, in connect
    return dialect.connect(*cargs, **cparams)
           ~~~~~~~~~~~~~~~^^^^^^^^^^^^^^^^^^^
  File "/Users/marioscordia/Desktop/fastapi-shop/backend/venv/lib/python3.14/site-packages/sqlalchemy/engine/default.py", line 630, in connect
    return self.loaded_dbapi.connect(*cargs, **cparams)  # type: ignore[no-any-return]  # NOQA: E501
           ~~~~~~~~~~~~~~~~~~~~~~~~~^^^^^^^^^^^^^^^^^^^
  File "/Users/marioscordia/Desktop/fastapi-shop/backend/venv/lib/python3.14/site-packages/psycopg/connection.py", line 130, in connect
    raise new_ex.with_traceback(None)
sqlalchemy.exc.OperationalError: (psycopg.OperationalError) connection failed: connection to server at "127.0.0.1", port 5432 failed: FATAL:  password authentication failed for user "novacart"
Multiple connection attempts failed. All failures were:
- host: 'localhost', port: 5432, hostaddr: '::1': connection failed: connection to server at "::1", port 5432 failed: FATAL:  password authentication failed for user "novacart"
- host: 'localhost', port: 5432, hostaddr: '127.0.0.1': connection failed: connection to server at "127.0.0.1", port 5432 failed: FATAL:  password authentication failed for user "novacart"
(Background on this error at: https://sqlalche.me/e/20/e3q8)
INFO:     Shutting down
INFO:     Waiting for application shutdown.
INFO:     Application shutdown complete.
INFO:     Finished server process [53649]
INFO:     Started server process [53737]
INFO:     Waiting for application startup.
INFO:     Application startup complete.
INFO:     Uvicorn running on http://127.0.0.1:8000 (Press CTRL+C to quit)
ERROR:    Exception in ASGI application
Traceback (most recent call last):
  File "/Users/marioscordia/Desktop/fastapi-shop/backend/venv/lib/python3.14/site-packages/sqlalchemy/engine/base.py", line 1967, in _exec_single_context
    self.dialect.do_execute(
    ~~~~~~~~~~~~~~~~~~~~~~~^
        cursor, str_statement, effective_parameters, context
        ^^^^^^^^^^^^^^^^^^^^^^^^^^^^^^^^^^^^^^^^^^^^^^^^^^^^
    )
    ^
  File "/Users/marioscordia/Desktop/fastapi-shop/backend/venv/lib/python3.14/site-packages/sqlalchemy/engine/default.py", line 952, in do_execute
    cursor.execute(statement, parameters)
    ~~~~~~~~~~~~~~^^^^^^^^^^^^^^^^^^^^^^^
  File "/Users/marioscordia/Desktop/fastapi-shop/backend/venv/lib/python3.14/site-packages/psycopg/cursor.py", line 117, in execute
    raise ex.with_traceback(None)
psycopg.errors.UniqueViolation: duplicate key value violates unique constraint "users_pkey"
DETAIL:  Key (id)=(7) already exists.

The above exception was the direct cause of the following exception:

Traceback (most recent call last):
  File "/Users/marioscordia/Desktop/fastapi-shop/backend/venv/lib/python3.14/site-packages/uvicorn/protocols/http/h11_impl.py", line 410, in run_asgi
    result = await app(  # type: ignore[func-returns-value]
             ^^^^^^^^^^^^^^^^^^^^^^^^^^^^^^^^^^^^^^^^^^^^^^
        self.scope, self.receive, self.send
        ^^^^^^^^^^^^^^^^^^^^^^^^^^^^^^^^^^^
    )
    ^
  File "/Users/marioscordia/Desktop/fastapi-shop/backend/venv/lib/python3.14/site-packages/uvicorn/middleware/proxy_headers.py", line 60, in __call__
    return await self.app(scope, receive, send)
           ^^^^^^^^^^^^^^^^^^^^^^^^^^^^^^^^^^^^
  File "/Users/marioscordia/Desktop/fastapi-shop/backend/venv/lib/python3.14/site-packages/fastapi/applications.py", line 1134, in __call__
    await super().__call__(scope, receive, send)
  File "/Users/marioscordia/Desktop/fastapi-shop/backend/venv/lib/python3.14/site-packages/starlette/applications.py", line 107, in __call__
    await self.middleware_stack(scope, receive, send)
  File "/Users/marioscordia/Desktop/fastapi-shop/backend/venv/lib/python3.14/site-packages/starlette/middleware/errors.py", line 186, in __call__
    raise exc
  File "/Users/marioscordia/Desktop/fastapi-shop/backend/venv/lib/python3.14/site-packages/starlette/middleware/errors.py", line 164, in __call__
    await self.app(scope, receive, _send)
  File "/Users/marioscordia/Desktop/fastapi-shop/backend/venv/lib/python3.14/site-packages/starlette/middleware/cors.py", line 87, in __call__
    await self.app(scope, receive, send)
  File "/Users/marioscordia/Desktop/fastapi-shop/backend/venv/lib/python3.14/site-packages/starlette/middleware/exceptions.py", line 63, in __call__
    await wrap_app_handling_exceptions(self.app, conn)(scope, receive, send)
  File "/Users/marioscordia/Desktop/fastapi-shop/backend/venv/lib/python3.14/site-packages/starlette/_exception_handler.py", line 53, in wrapped_app
    raise exc
  File "/Users/marioscordia/Desktop/fastapi-shop/backend/venv/lib/python3.14/site-packages/starlette/_exception_handler.py", line 42, in wrapped_app
    await app(scope, receive, sender)
  File "/Users/marioscordia/Desktop/fastapi-shop/backend/venv/lib/python3.14/site-packages/fastapi/middleware/asyncexitstack.py", line 18, in __call__
    await self.app(scope, receive, send)
  File "/Users/marioscordia/Desktop/fastapi-shop/backend/venv/lib/python3.14/site-packages/starlette/routing.py", line 716, in __call__
    await self.middleware_stack(scope, receive, send)
  File "/Users/marioscordia/Desktop/fastapi-shop/backend/venv/lib/python3.14/site-packages/starlette/routing.py", line 736, in app
    await route.handle(scope, receive, send)
  File "/Users/marioscordia/Desktop/fastapi-shop/backend/venv/lib/python3.14/site-packages/starlette/routing.py", line 290, in handle
    await self.app(scope, receive, send)
  File "/Users/marioscordia/Desktop/fastapi-shop/backend/venv/lib/python3.14/site-packages/fastapi/routing.py", line 119, in app
    await wrap_app_handling_exceptions(app, request)(scope, receive, send)
  File "/Users/marioscordia/Desktop/fastapi-shop/backend/venv/lib/python3.14/site-packages/starlette/_exception_handler.py", line 53, in wrapped_app
    raise exc
  File "/Users/marioscordia/Desktop/fastapi-shop/backend/venv/lib/python3.14/site-packages/starlette/_exception_handler.py", line 42, in wrapped_app
    await app(scope, receive, sender)
  File "/Users/marioscordia/Desktop/fastapi-shop/backend/venv/lib/python3.14/site-packages/fastapi/routing.py", line 105, in app
    response = await f(request)
               ^^^^^^^^^^^^^^^^
  File "/Users/marioscordia/Desktop/fastapi-shop/backend/venv/lib/python3.14/site-packages/fastapi/routing.py", line 424, in app
    raw_response = await run_endpoint_function(
                   ^^^^^^^^^^^^^^^^^^^^^^^^^^^^
    ...<3 lines>...
    )
    ^
  File "/Users/marioscordia/Desktop/fastapi-shop/backend/venv/lib/python3.14/site-packages/fastapi/routing.py", line 314, in run_endpoint_function
    return await run_in_threadpool(dependant.call, **values)
           ^^^^^^^^^^^^^^^^^^^^^^^^^^^^^^^^^^^^^^^^^^^^^^^^^
  File "/Users/marioscordia/Desktop/fastapi-shop/backend/venv/lib/python3.14/site-packages/starlette/concurrency.py", line 32, in run_in_threadpool
    return await anyio.to_thread.run_sync(func)
           ^^^^^^^^^^^^^^^^^^^^^^^^^^^^^^^^^^^^
  File "/Users/marioscordia/Desktop/fastapi-shop/backend/venv/lib/python3.14/site-packages/anyio/to_thread.py", line 63, in run_sync
    return await get_async_backend().run_sync_in_worker_thread(
           ^^^^^^^^^^^^^^^^^^^^^^^^^^^^^^^^^^^^^^^^^^^^^^^^^^^^
        func, args, abandon_on_cancel=abandon_on_cancel, limiter=limiter
        ^^^^^^^^^^^^^^^^^^^^^^^^^^^^^^^^^^^^^^^^^^^^^^^^^^^^^^^^^^^^^^^^
    )
    ^
  File "/Users/marioscordia/Desktop/fastapi-shop/backend/venv/lib/python3.14/site-packages/anyio/_backends/_asyncio.py", line 2502, in run_sync_in_worker_thread
    return await future
           ^^^^^^^^^^^^
  File "/Users/marioscordia/Desktop/fastapi-shop/backend/venv/lib/python3.14/site-packages/anyio/_backends/_asyncio.py", line 986, in run
    result = context.run(func, *args)
  File "/Users/marioscordia/Desktop/qualityassurance/app/presentation/api/routers/auth.py", line 15, in register
    return services.auth.register(payload)
           ~~~~~~~~~~~~~~~~~~~~~~^^^^^^^^^
  File "/Users/marioscordia/Desktop/qualityassurance/app/application/services.py", line 344, in register
    created = self.users.create(user)
  File "/Users/marioscordia/Desktop/qualityassurance/app/infrastructure/repositories/sqlalchemy.py", line 116, in create
    self.session.flush()
    ~~~~~~~~~~~~~~~~~~^^
  File "/Users/marioscordia/Desktop/fastapi-shop/backend/venv/lib/python3.14/site-packages/sqlalchemy/orm/session.py", line 4331, in flush
    self._flush(objects)
    ~~~~~~~~~~~^^^^^^^^^
  File "/Users/marioscordia/Desktop/fastapi-shop/backend/venv/lib/python3.14/site-packages/sqlalchemy/orm/session.py", line 4466, in _flush
    with util.safe_reraise():
         ~~~~~~~~~~~~~~~~~^^
  File "/Users/marioscordia/Desktop/fastapi-shop/backend/venv/lib/python3.14/site-packages/sqlalchemy/util/langhelpers.py", line 224, in __exit__
    raise exc_value.with_traceback(exc_tb)
  File "/Users/marioscordia/Desktop/fastapi-shop/backend/venv/lib/python3.14/site-packages/sqlalchemy/orm/session.py", line 4427, in _flush
    flush_context.execute()
    ~~~~~~~~~~~~~~~~~~~~~^^
  File "/Users/marioscordia/Desktop/fastapi-shop/backend/venv/lib/python3.14/site-packages/sqlalchemy/orm/unitofwork.py", line 466, in execute
    rec.execute(self)
    ~~~~~~~~~~~^^^^^^
  File "/Users/marioscordia/Desktop/fastapi-shop/backend/venv/lib/python3.14/site-packages/sqlalchemy/orm/unitofwork.py", line 642, in execute
    util.preloaded.orm_persistence.save_obj(
    ~~~~~~~~~~~~~~~~~~~~~~~~~~~~~~~~~~~~~~~^
        self.mapper,
        ^^^^^^^^^^^^
        uow.states_for_mapper_hierarchy(self.mapper, False, False),
        ^^^^^^^^^^^^^^^^^^^^^^^^^^^^^^^^^^^^^^^^^^^^^^^^^^^^^^^^^^^
        uow,
        ^^^^
    )
    ^
  File "/Users/marioscordia/Desktop/fastapi-shop/backend/venv/lib/python3.14/site-packages/sqlalchemy/orm/persistence.py", line 93, in save_obj
    _emit_insert_statements(
    ~~~~~~~~~~~~~~~~~~~~~~~^
        base_mapper,
        ^^^^^^^^^^^^
    ...<3 lines>...
        insert,
        ^^^^^^^
    )
    ^
  File "/Users/marioscordia/Desktop/fastapi-shop/backend/venv/lib/python3.14/site-packages/sqlalchemy/orm/persistence.py", line 1048, in _emit_insert_statements
    result = connection.execute(
        statement, multiparams, execution_options=execution_options
    )
  File "/Users/marioscordia/Desktop/fastapi-shop/backend/venv/lib/python3.14/site-packages/sqlalchemy/engine/base.py", line 1419, in execute
    return meth(
        self,
        distilled_parameters,
        execution_options or NO_OPTIONS,
    )
  File "/Users/marioscordia/Desktop/fastapi-shop/backend/venv/lib/python3.14/site-packages/sqlalchemy/sql/elements.py", line 527, in _execute_on_connection
    return connection._execute_clauseelement(
           ~~~~~~~~~~~~~~~~~~~~~~~~~~~~~~~~~^
        self, distilled_params, execution_options
        ^^^^^^^^^^^^^^^^^^^^^^^^^^^^^^^^^^^^^^^^^
    )
    ^
  File "/Users/marioscordia/Desktop/fastapi-shop/backend/venv/lib/python3.14/site-packages/sqlalchemy/engine/base.py", line 1641, in _execute_clauseelement
    ret = self._execute_context(
        dialect,
    ...<8 lines>...
        cache_hit=cache_hit,
    )
  File "/Users/marioscordia/Desktop/fastapi-shop/backend/venv/lib/python3.14/site-packages/sqlalchemy/engine/base.py", line 1846, in _execute_context
    return self._exec_single_context(
           ~~~~~~~~~~~~~~~~~~~~~~~~~^
        dialect, context, statement, parameters
        ^^^^^^^^^^^^^^^^^^^^^^^^^^^^^^^^^^^^^^^
    )
    ^
  File "/Users/marioscordia/Desktop/fastapi-shop/backend/venv/lib/python3.14/site-packages/sqlalchemy/engine/base.py", line 1986, in _exec_single_context
    self._handle_dbapi_exception(
    ~~~~~~~~~~~~~~~~~~~~~~~~~~~~^
        e, str_statement, effective_parameters, cursor, context
        ^^^^^^^^^^^^^^^^^^^^^^^^^^^^^^^^^^^^^^^^^^^^^^^^^^^^^^^
    )
    ^
  File "/Users/marioscordia/Desktop/fastapi-shop/backend/venv/lib/python3.14/site-packages/sqlalchemy/engine/base.py", line 2363, in _handle_dbapi_exception
    raise sqlalchemy_exception.with_traceback(exc_info[2]) from e
  File "/Users/marioscordia/Desktop/fastapi-shop/backend/venv/lib/python3.14/site-packages/sqlalchemy/engine/base.py", line 1967, in _exec_single_context
    self.dialect.do_execute(
    ~~~~~~~~~~~~~~~~~~~~~~~^
        cursor, str_statement, effective_parameters, context
        ^^^^^^^^^^^^^^^^^^^^^^^^^^^^^^^^^^^^^^^^^^^^^^^^^^^^
    )
    ^
  File "/Users/marioscordia/Desktop/fastapi-shop/backend/venv/lib/python3.14/site-packages/sqlalchemy/engine/default.py", line 952, in do_execute
    cursor.execute(statement, parameters)
    ~~~~~~~~~~~~~~^^^^^^^^^^^^^^^^^^^^^^^
  File "/Users/marioscordia/Desktop/fastapi-shop/backend/venv/lib/python3.14/site-packages/psycopg/cursor.py", line 117, in execute
    raise ex.with_traceback(None)
sqlalchemy.exc.IntegrityError: (psycopg.errors.UniqueViolation) duplicate key value violates unique constraint "users_pkey"
DETAIL:  Key (id)=(7) already exists.
[SQL: INSERT INTO users (id, email, full_name, password_hash, role, is_active, created_at) VALUES (%(id)s::INTEGER, %(email)s::VARCHAR, %(full_name)s::VARCHAR, %(password_hash)s::VARCHAR, %(role)s::VARCHAR, %(is_active)s, %(created_at)s::TIMESTAMP WITHOUT TIME ZONE)]
[parameters: {'id': 7, 'email': 'qa_17752297939291@test.novacart.local', 'full_name': 'QA Test User', 'password_hash': 'pbkdf2_sha256$1430b1da90aeb43e2b55672cf97229ca$EUikOUv/kWCUPy5K3ES1qqaGd2r/Mol1EMjUcvHc6pc=', 'role': 'customer', 'is_active': True, 'created_at': datetime.datetime(2026, 4, 3, 15, 23, 13, 947370)}]
(Background on this error at: https://sqlalche.me/e/20/gkpj)
ERROR:    Exception in ASGI application
Traceback (most recent call last):
  File "/Users/marioscordia/Desktop/fastapi-shop/backend/venv/lib/python3.14/site-packages/sqlalchemy/engine/base.py", line 1967, in _exec_single_context
    self.dialect.do_execute(
    ~~~~~~~~~~~~~~~~~~~~~~~^
        cursor, str_statement, effective_parameters, context
        ^^^^^^^^^^^^^^^^^^^^^^^^^^^^^^^^^^^^^^^^^^^^^^^^^^^^
    )
    ^
  File "/Users/marioscordia/Desktop/fastapi-shop/backend/venv/lib/python3.14/site-packages/sqlalchemy/engine/default.py", line 952, in do_execute
    cursor.execute(statement, parameters)
    ~~~~~~~~~~~~~~^^^^^^^^^^^^^^^^^^^^^^^
  File "/Users/marioscordia/Desktop/fastapi-shop/backend/venv/lib/python3.14/site-packages/psycopg/cursor.py", line 117, in execute
    raise ex.with_traceback(None)
psycopg.errors.UniqueViolation: duplicate key value violates unique constraint "users_pkey"
DETAIL:  Key (id)=(12) already exists.

The above exception was the direct cause of the following exception:

Traceback (most recent call last):
  File "/Users/marioscordia/Desktop/fastapi-shop/backend/venv/lib/python3.14/site-packages/uvicorn/protocols/http/h11_impl.py", line 410, in run_asgi
    result = await app(  # type: ignore[func-returns-value]
             ^^^^^^^^^^^^^^^^^^^^^^^^^^^^^^^^^^^^^^^^^^^^^^
        self.scope, self.receive, self.send
        ^^^^^^^^^^^^^^^^^^^^^^^^^^^^^^^^^^^
    )
    ^
  File "/Users/marioscordia/Desktop/fastapi-shop/backend/venv/lib/python3.14/site-packages/uvicorn/middleware/proxy_headers.py", line 60, in __call__
    return await self.app(scope, receive, send)
           ^^^^^^^^^^^^^^^^^^^^^^^^^^^^^^^^^^^^
  File "/Users/marioscordia/Desktop/fastapi-shop/backend/venv/lib/python3.14/site-packages/fastapi/applications.py", line 1134, in __call__
    await super().__call__(scope, receive, send)
  File "/Users/marioscordia/Desktop/fastapi-shop/backend/venv/lib/python3.14/site-packages/starlette/applications.py", line 107, in __call__
    await self.middleware_stack(scope, receive, send)
  File "/Users/marioscordia/Desktop/fastapi-shop/backend/venv/lib/python3.14/site-packages/starlette/middleware/errors.py", line 186, in __call__
    raise exc
  File "/Users/marioscordia/Desktop/fastapi-shop/backend/venv/lib/python3.14/site-packages/starlette/middleware/errors.py", line 164, in __call__
    await self.app(scope, receive, _send)
  File "/Users/marioscordia/Desktop/fastapi-shop/backend/venv/lib/python3.14/site-packages/starlette/middleware/cors.py", line 87, in __call__
    await self.app(scope, receive, send)
  File "/Users/marioscordia/Desktop/fastapi-shop/backend/venv/lib/python3.14/site-packages/starlette/middleware/exceptions.py", line 63, in __call__
    await wrap_app_handling_exceptions(self.app, conn)(scope, receive, send)
  File "/Users/marioscordia/Desktop/fastapi-shop/backend/venv/lib/python3.14/site-packages/starlette/_exception_handler.py", line 53, in wrapped_app
    raise exc
  File "/Users/marioscordia/Desktop/fastapi-shop/backend/venv/lib/python3.14/site-packages/starlette/_exception_handler.py", line 42, in wrapped_app
    await app(scope, receive, sender)
  File "/Users/marioscordia/Desktop/fastapi-shop/backend/venv/lib/python3.14/site-packages/fastapi/middleware/asyncexitstack.py", line 18, in __call__
    await self.app(scope, receive, send)
  File "/Users/marioscordia/Desktop/fastapi-shop/backend/venv/lib/python3.14/site-packages/starlette/routing.py", line 716, in __call__
    await self.middleware_stack(scope, receive, send)
  File "/Users/marioscordia/Desktop/fastapi-shop/backend/venv/lib/python3.14/site-packages/starlette/routing.py", line 736, in app
    await route.handle(scope, receive, send)
  File "/Users/marioscordia/Desktop/fastapi-shop/backend/venv/lib/python3.14/site-packages/starlette/routing.py", line 290, in handle
    await self.app(scope, receive, send)
  File "/Users/marioscordia/Desktop/fastapi-shop/backend/venv/lib/python3.14/site-packages/fastapi/routing.py", line 119, in app
    await wrap_app_handling_exceptions(app, request)(scope, receive, send)
  File "/Users/marioscordia/Desktop/fastapi-shop/backend/venv/lib/python3.14/site-packages/starlette/_exception_handler.py", line 53, in wrapped_app
    raise exc
  File "/Users/marioscordia/Desktop/fastapi-shop/backend/venv/lib/python3.14/site-packages/starlette/_exception_handler.py", line 42, in wrapped_app
    await app(scope, receive, sender)
  File "/Users/marioscordia/Desktop/fastapi-shop/backend/venv/lib/python3.14/site-packages/fastapi/routing.py", line 105, in app
    response = await f(request)
               ^^^^^^^^^^^^^^^^
  File "/Users/marioscordia/Desktop/fastapi-shop/backend/venv/lib/python3.14/site-packages/fastapi/routing.py", line 424, in app
    raw_response = await run_endpoint_function(
                   ^^^^^^^^^^^^^^^^^^^^^^^^^^^^
    ...<3 lines>...
    )
    ^
  File "/Users/marioscordia/Desktop/fastapi-shop/backend/venv/lib/python3.14/site-packages/fastapi/routing.py", line 314, in run_endpoint_function
    return await run_in_threadpool(dependant.call, **values)
           ^^^^^^^^^^^^^^^^^^^^^^^^^^^^^^^^^^^^^^^^^^^^^^^^^
  File "/Users/marioscordia/Desktop/fastapi-shop/backend/venv/lib/python3.14/site-packages/starlette/concurrency.py", line 32, in run_in_threadpool
    return await anyio.to_thread.run_sync(func)
           ^^^^^^^^^^^^^^^^^^^^^^^^^^^^^^^^^^^^
  File "/Users/marioscordia/Desktop/fastapi-shop/backend/venv/lib/python3.14/site-packages/anyio/to_thread.py", line 63, in run_sync
    return await get_async_backend().run_sync_in_worker_thread(
           ^^^^^^^^^^^^^^^^^^^^^^^^^^^^^^^^^^^^^^^^^^^^^^^^^^^^
        func, args, abandon_on_cancel=abandon_on_cancel, limiter=limiter
        ^^^^^^^^^^^^^^^^^^^^^^^^^^^^^^^^^^^^^^^^^^^^^^^^^^^^^^^^^^^^^^^^
    )
    ^
  File "/Users/marioscordia/Desktop/fastapi-shop/backend/venv/lib/python3.14/site-packages/anyio/_backends/_asyncio.py", line 2502, in run_sync_in_worker_thread
    return await future
           ^^^^^^^^^^^^
  File "/Users/marioscordia/Desktop/fastapi-shop/backend/venv/lib/python3.14/site-packages/anyio/_backends/_asyncio.py", line 986, in run
    result = context.run(func, *args)
  File "/Users/marioscordia/Desktop/qualityassurance/app/presentation/api/routers/auth.py", line 15, in register
    return services.auth.register(payload)
           ~~~~~~~~~~~~~~~~~~~~~~^^^^^^^^^
  File "/Users/marioscordia/Desktop/qualityassurance/app/application/services.py", line 344, in register
    created = self.users.create(user)
  File "/Users/marioscordia/Desktop/qualityassurance/app/infrastructure/repositories/sqlalchemy.py", line 116, in create
    self.session.flush()
    ~~~~~~~~~~~~~~~~~~^^
  File "/Users/marioscordia/Desktop/fastapi-shop/backend/venv/lib/python3.14/site-packages/sqlalchemy/orm/session.py", line 4331, in flush
    self._flush(objects)
    ~~~~~~~~~~~^^^^^^^^^
  File "/Users/marioscordia/Desktop/fastapi-shop/backend/venv/lib/python3.14/site-packages/sqlalchemy/orm/session.py", line 4466, in _flush
    with util.safe_reraise():
         ~~~~~~~~~~~~~~~~~^^
  File "/Users/marioscordia/Desktop/fastapi-shop/backend/venv/lib/python3.14/site-packages/sqlalchemy/util/langhelpers.py", line 224, in __exit__
    raise exc_value.with_traceback(exc_tb)
  File "/Users/marioscordia/Desktop/fastapi-shop/backend/venv/lib/python3.14/site-packages/sqlalchemy/orm/session.py", line 4427, in _flush
    flush_context.execute()
    ~~~~~~~~~~~~~~~~~~~~~^^
  File "/Users/marioscordia/Desktop/fastapi-shop/backend/venv/lib/python3.14/site-packages/sqlalchemy/orm/unitofwork.py", line 466, in execute
    rec.execute(self)
    ~~~~~~~~~~~^^^^^^
  File "/Users/marioscordia/Desktop/fastapi-shop/backend/venv/lib/python3.14/site-packages/sqlalchemy/orm/unitofwork.py", line 642, in execute
    util.preloaded.orm_persistence.save_obj(
    ~~~~~~~~~~~~~~~~~~~~~~~~~~~~~~~~~~~~~~~^
        self.mapper,
        ^^^^^^^^^^^^
        uow.states_for_mapper_hierarchy(self.mapper, False, False),
        ^^^^^^^^^^^^^^^^^^^^^^^^^^^^^^^^^^^^^^^^^^^^^^^^^^^^^^^^^^^
        uow,
        ^^^^
    )
    ^
  File "/Users/marioscordia/Desktop/fastapi-shop/backend/venv/lib/python3.14/site-packages/sqlalchemy/orm/persistence.py", line 93, in save_obj
    _emit_insert_statements(
    ~~~~~~~~~~~~~~~~~~~~~~~^
        base_mapper,
        ^^^^^^^^^^^^
    ...<3 lines>...
        insert,
        ^^^^^^^
    )
    ^
  File "/Users/marioscordia/Desktop/fastapi-shop/backend/venv/lib/python3.14/site-packages/sqlalchemy/orm/persistence.py", line 1048, in _emit_insert_statements
    result = connection.execute(
        statement, multiparams, execution_options=execution_options
    )
  File "/Users/marioscordia/Desktop/fastapi-shop/backend/venv/lib/python3.14/site-packages/sqlalchemy/engine/base.py", line 1419, in execute
    return meth(
        self,
        distilled_parameters,
        execution_options or NO_OPTIONS,
    )
  File "/Users/marioscordia/Desktop/fastapi-shop/backend/venv/lib/python3.14/site-packages/sqlalchemy/sql/elements.py", line 527, in _execute_on_connection
    return connection._execute_clauseelement(
           ~~~~~~~~~~~~~~~~~~~~~~~~~~~~~~~~~^
        self, distilled_params, execution_options
        ^^^^^^^^^^^^^^^^^^^^^^^^^^^^^^^^^^^^^^^^^
    )
    ^
  File "/Users/marioscordia/Desktop/fastapi-shop/backend/venv/lib/python3.14/site-packages/sqlalchemy/engine/base.py", line 1641, in _execute_clauseelement
    ret = self._execute_context(
        dialect,
    ...<8 lines>...
        cache_hit=cache_hit,
    )
  File "/Users/marioscordia/Desktop/fastapi-shop/backend/venv/lib/python3.14/site-packages/sqlalchemy/engine/base.py", line 1846, in _execute_context
    return self._exec_single_context(
           ~~~~~~~~~~~~~~~~~~~~~~~~~^
        dialect, context, statement, parameters
        ^^^^^^^^^^^^^^^^^^^^^^^^^^^^^^^^^^^^^^^
    )
    ^
  File "/Users/marioscordia/Desktop/fastapi-shop/backend/venv/lib/python3.14/site-packages/sqlalchemy/engine/base.py", line 1986, in _exec_single_context
    self._handle_dbapi_exception(
    ~~~~~~~~~~~~~~~~~~~~~~~~~~~~^
        e, str_statement, effective_parameters, cursor, context
        ^^^^^^^^^^^^^^^^^^^^^^^^^^^^^^^^^^^^^^^^^^^^^^^^^^^^^^^
    )
    ^
  File "/Users/marioscordia/Desktop/fastapi-shop/backend/venv/lib/python3.14/site-packages/sqlalchemy/engine/base.py", line 2363, in _handle_dbapi_exception
    raise sqlalchemy_exception.with_traceback(exc_info[2]) from e
  File "/Users/marioscordia/Desktop/fastapi-shop/backend/venv/lib/python3.14/site-packages/sqlalchemy/engine/base.py", line 1967, in _exec_single_context
    self.dialect.do_execute(
    ~~~~~~~~~~~~~~~~~~~~~~~^
        cursor, str_statement, effective_parameters, context
        ^^^^^^^^^^^^^^^^^^^^^^^^^^^^^^^^^^^^^^^^^^^^^^^^^^^^
    )
    ^
  File "/Users/marioscordia/Desktop/fastapi-shop/backend/venv/lib/python3.14/site-packages/sqlalchemy/engine/default.py", line 952, in do_execute
    cursor.execute(statement, parameters)
    ~~~~~~~~~~~~~~^^^^^^^^^^^^^^^^^^^^^^^
  File "/Users/marioscordia/Desktop/fastapi-shop/backend/venv/lib/python3.14/site-packages/psycopg/cursor.py", line 117, in execute
    raise ex.with_traceback(None)
sqlalchemy.exc.IntegrityError: (psycopg.errors.UniqueViolation) duplicate key value violates unique constraint "users_pkey"
DETAIL:  Key (id)=(12) already exists.
[SQL: INSERT INTO users (id, email, full_name, password_hash, role, is_active, created_at) VALUES (%(id)s::INTEGER, %(email)s::VARCHAR, %(full_name)s::VARCHAR, %(password_hash)s::VARCHAR, %(role)s::VARCHAR, %(is_active)s, %(created_at)s::TIMESTAMP WITHOUT TIME ZONE)]
[parameters: {'id': 12, 'email': 'qa_17752298075401@test.novacart.local', 'full_name': 'QA Test User', 'password_hash': 'pbkdf2_sha256$ac14d8df60a5c870b7c61f614ebe6961$Ng8nABWozLw73yhee2jzPp1aqOvbwld/BcL5+nYqyRw=', 'role': 'customer', 'is_active': True, 'created_at': datetime.datetime(2026, 4, 3, 15, 23, 27, 565739)}]
(Background on this error at: https://sqlalche.me/e/20/gkpj)
ERROR:    Exception in ASGI application
Traceback (most recent call last):
  File "/Users/marioscordia/Desktop/fastapi-shop/backend/venv/lib/python3.14/site-packages/sqlalchemy/engine/base.py", line 1967, in _exec_single_context
    self.dialect.do_execute(
    ~~~~~~~~~~~~~~~~~~~~~~~^
        cursor, str_statement, effective_parameters, context
        ^^^^^^^^^^^^^^^^^^^^^^^^^^^^^^^^^^^^^^^^^^^^^^^^^^^^
    )
    ^
  File "/Users/marioscordia/Desktop/fastapi-shop/backend/venv/lib/python3.14/site-packages/sqlalchemy/engine/default.py", line 952, in do_execute
    cursor.execute(statement, parameters)
    ~~~~~~~~~~~~~~^^^^^^^^^^^^^^^^^^^^^^^
  File "/Users/marioscordia/Desktop/fastapi-shop/backend/venv/lib/python3.14/site-packages/psycopg/cursor.py", line 117, in execute
    raise ex.with_traceback(None)
psycopg.errors.UniqueViolation: duplicate key value violates unique constraint "users_pkey"
DETAIL:  Key (id)=(12) already exists.

The above exception was the direct cause of the following exception:

Traceback (most recent call last):
  File "/Users/marioscordia/Desktop/fastapi-shop/backend/venv/lib/python3.14/site-packages/uvicorn/protocols/http/h11_impl.py", line 410, in run_asgi
    result = await app(  # type: ignore[func-returns-value]
             ^^^^^^^^^^^^^^^^^^^^^^^^^^^^^^^^^^^^^^^^^^^^^^
        self.scope, self.receive, self.send
        ^^^^^^^^^^^^^^^^^^^^^^^^^^^^^^^^^^^
    )
    ^
  File "/Users/marioscordia/Desktop/fastapi-shop/backend/venv/lib/python3.14/site-packages/uvicorn/middleware/proxy_headers.py", line 60, in __call__
    return await self.app(scope, receive, send)
           ^^^^^^^^^^^^^^^^^^^^^^^^^^^^^^^^^^^^
  File "/Users/marioscordia/Desktop/fastapi-shop/backend/venv/lib/python3.14/site-packages/fastapi/applications.py", line 1134, in __call__
    await super().__call__(scope, receive, send)
  File "/Users/marioscordia/Desktop/fastapi-shop/backend/venv/lib/python3.14/site-packages/starlette/applications.py", line 107, in __call__
    await self.middleware_stack(scope, receive, send)
  File "/Users/marioscordia/Desktop/fastapi-shop/backend/venv/lib/python3.14/site-packages/starlette/middleware/errors.py", line 186, in __call__
    raise exc
  File "/Users/marioscordia/Desktop/fastapi-shop/backend/venv/lib/python3.14/site-packages/starlette/middleware/errors.py", line 164, in __call__
    await self.app(scope, receive, _send)
  File "/Users/marioscordia/Desktop/fastapi-shop/backend/venv/lib/python3.14/site-packages/starlette/middleware/cors.py", line 87, in __call__
    await self.app(scope, receive, send)
  File "/Users/marioscordia/Desktop/fastapi-shop/backend/venv/lib/python3.14/site-packages/starlette/middleware/exceptions.py", line 63, in __call__
    await wrap_app_handling_exceptions(self.app, conn)(scope, receive, send)
  File "/Users/marioscordia/Desktop/fastapi-shop/backend/venv/lib/python3.14/site-packages/starlette/_exception_handler.py", line 53, in wrapped_app
    raise exc
  File "/Users/marioscordia/Desktop/fastapi-shop/backend/venv/lib/python3.14/site-packages/starlette/_exception_handler.py", line 42, in wrapped_app
    await app(scope, receive, sender)
  File "/Users/marioscordia/Desktop/fastapi-shop/backend/venv/lib/python3.14/site-packages/fastapi/middleware/asyncexitstack.py", line 18, in __call__
    await self.app(scope, receive, send)
  File "/Users/marioscordia/Desktop/fastapi-shop/backend/venv/lib/python3.14/site-packages/starlette/routing.py", line 716, in __call__
    await self.middleware_stack(scope, receive, send)
  File "/Users/marioscordia/Desktop/fastapi-shop/backend/venv/lib/python3.14/site-packages/starlette/routing.py", line 736, in app
    await route.handle(scope, receive, send)
  File "/Users/marioscordia/Desktop/fastapi-shop/backend/venv/lib/python3.14/site-packages/starlette/routing.py", line 290, in handle
    await self.app(scope, receive, send)
  File "/Users/marioscordia/Desktop/fastapi-shop/backend/venv/lib/python3.14/site-packages/fastapi/routing.py", line 119, in app
    await wrap_app_handling_exceptions(app, request)(scope, receive, send)
  File "/Users/marioscordia/Desktop/fastapi-shop/backend/venv/lib/python3.14/site-packages/starlette/_exception_handler.py", line 53, in wrapped_app
    raise exc
  File "/Users/marioscordia/Desktop/fastapi-shop/backend/venv/lib/python3.14/site-packages/starlette/_exception_handler.py", line 42, in wrapped_app
    await app(scope, receive, sender)
  File "/Users/marioscordia/Desktop/fastapi-shop/backend/venv/lib/python3.14/site-packages/fastapi/routing.py", line 105, in app
    response = await f(request)
               ^^^^^^^^^^^^^^^^
  File "/Users/marioscordia/Desktop/fastapi-shop/backend/venv/lib/python3.14/site-packages/fastapi/routing.py", line 424, in app
    raw_response = await run_endpoint_function(
                   ^^^^^^^^^^^^^^^^^^^^^^^^^^^^
    ...<3 lines>...
    )
    ^
  File "/Users/marioscordia/Desktop/fastapi-shop/backend/venv/lib/python3.14/site-packages/fastapi/routing.py", line 314, in run_endpoint_function
    return await run_in_threadpool(dependant.call, **values)
           ^^^^^^^^^^^^^^^^^^^^^^^^^^^^^^^^^^^^^^^^^^^^^^^^^
  File "/Users/marioscordia/Desktop/fastapi-shop/backend/venv/lib/python3.14/site-packages/starlette/concurrency.py", line 32, in run_in_threadpool
    return await anyio.to_thread.run_sync(func)
           ^^^^^^^^^^^^^^^^^^^^^^^^^^^^^^^^^^^^
  File "/Users/marioscordia/Desktop/fastapi-shop/backend/venv/lib/python3.14/site-packages/anyio/to_thread.py", line 63, in run_sync
    return await get_async_backend().run_sync_in_worker_thread(
           ^^^^^^^^^^^^^^^^^^^^^^^^^^^^^^^^^^^^^^^^^^^^^^^^^^^^
        func, args, abandon_on_cancel=abandon_on_cancel, limiter=limiter
        ^^^^^^^^^^^^^^^^^^^^^^^^^^^^^^^^^^^^^^^^^^^^^^^^^^^^^^^^^^^^^^^^
    )
    ^
  File "/Users/marioscordia/Desktop/fastapi-shop/backend/venv/lib/python3.14/site-packages/anyio/_backends/_asyncio.py", line 2502, in run_sync_in_worker_thread
    return await future
           ^^^^^^^^^^^^
  File "/Users/marioscordia/Desktop/fastapi-shop/backend/venv/lib/python3.14/site-packages/anyio/_backends/_asyncio.py", line 986, in run
    result = context.run(func, *args)
  File "/Users/marioscordia/Desktop/qualityassurance/app/presentation/api/routers/auth.py", line 15, in register
    return services.auth.register(payload)
           ~~~~~~~~~~~~~~~~~~~~~~^^^^^^^^^
  File "/Users/marioscordia/Desktop/qualityassurance/app/application/services.py", line 344, in register
    created = self.users.create(user)
  File "/Users/marioscordia/Desktop/qualityassurance/app/infrastructure/repositories/sqlalchemy.py", line 116, in create
    self.session.flush()
    ~~~~~~~~~~~~~~~~~~^^
  File "/Users/marioscordia/Desktop/fastapi-shop/backend/venv/lib/python3.14/site-packages/sqlalchemy/orm/session.py", line 4331, in flush
    self._flush(objects)
    ~~~~~~~~~~~^^^^^^^^^
  File "/Users/marioscordia/Desktop/fastapi-shop/backend/venv/lib/python3.14/site-packages/sqlalchemy/orm/session.py", line 4466, in _flush
    with util.safe_reraise():
         ~~~~~~~~~~~~~~~~~^^
  File "/Users/marioscordia/Desktop/fastapi-shop/backend/venv/lib/python3.14/site-packages/sqlalchemy/util/langhelpers.py", line 224, in __exit__
    raise exc_value.with_traceback(exc_tb)
  File "/Users/marioscordia/Desktop/fastapi-shop/backend/venv/lib/python3.14/site-packages/sqlalchemy/orm/session.py", line 4427, in _flush
    flush_context.execute()
    ~~~~~~~~~~~~~~~~~~~~~^^
  File "/Users/marioscordia/Desktop/fastapi-shop/backend/venv/lib/python3.14/site-packages/sqlalchemy/orm/unitofwork.py", line 466, in execute
    rec.execute(self)
    ~~~~~~~~~~~^^^^^^
  File "/Users/marioscordia/Desktop/fastapi-shop/backend/venv/lib/python3.14/site-packages/sqlalchemy/orm/unitofwork.py", line 642, in execute
    util.preloaded.orm_persistence.save_obj(
    ~~~~~~~~~~~~~~~~~~~~~~~~~~~~~~~~~~~~~~~^
        self.mapper,
        ^^^^^^^^^^^^
        uow.states_for_mapper_hierarchy(self.mapper, False, False),
        ^^^^^^^^^^^^^^^^^^^^^^^^^^^^^^^^^^^^^^^^^^^^^^^^^^^^^^^^^^^
        uow,
        ^^^^
    )
    ^
  File "/Users/marioscordia/Desktop/fastapi-shop/backend/venv/lib/python3.14/site-packages/sqlalchemy/orm/persistence.py", line 93, in save_obj
    _emit_insert_statements(
    ~~~~~~~~~~~~~~~~~~~~~~~^
        base_mapper,
        ^^^^^^^^^^^^
    ...<3 lines>...
        insert,
        ^^^^^^^
    )
    ^
  File "/Users/marioscordia/Desktop/fastapi-shop/backend/venv/lib/python3.14/site-packages/sqlalchemy/orm/persistence.py", line 1048, in _emit_insert_statements
    result = connection.execute(
        statement, multiparams, execution_options=execution_options
    )
  File "/Users/marioscordia/Desktop/fastapi-shop/backend/venv/lib/python3.14/site-packages/sqlalchemy/engine/base.py", line 1419, in execute
    return meth(
        self,
        distilled_parameters,
        execution_options or NO_OPTIONS,
    )
  File "/Users/marioscordia/Desktop/fastapi-shop/backend/venv/lib/python3.14/site-packages/sqlalchemy/sql/elements.py", line 527, in _execute_on_connection
    return connection._execute_clauseelement(
           ~~~~~~~~~~~~~~~~~~~~~~~~~~~~~~~~~^
        self, distilled_params, execution_options
        ^^^^^^^^^^^^^^^^^^^^^^^^^^^^^^^^^^^^^^^^^
    )
    ^
  File "/Users/marioscordia/Desktop/fastapi-shop/backend/venv/lib/python3.14/site-packages/sqlalchemy/engine/base.py", line 1641, in _execute_clauseelement
    ret = self._execute_context(
        dialect,
    ...<8 lines>...
        cache_hit=cache_hit,
    )
  File "/Users/marioscordia/Desktop/fastapi-shop/backend/venv/lib/python3.14/site-packages/sqlalchemy/engine/base.py", line 1846, in _execute_context
    return self._exec_single_context(
           ~~~~~~~~~~~~~~~~~~~~~~~~~^
        dialect, context, statement, parameters
        ^^^^^^^^^^^^^^^^^^^^^^^^^^^^^^^^^^^^^^^
    )
    ^
  File "/Users/marioscordia/Desktop/fastapi-shop/backend/venv/lib/python3.14/site-packages/sqlalchemy/engine/base.py", line 1986, in _exec_single_context
    self._handle_dbapi_exception(
    ~~~~~~~~~~~~~~~~~~~~~~~~~~~~^
        e, str_statement, effective_parameters, cursor, context
        ^^^^^^^^^^^^^^^^^^^^^^^^^^^^^^^^^^^^^^^^^^^^^^^^^^^^^^^
    )
    ^
  File "/Users/marioscordia/Desktop/fastapi-shop/backend/venv/lib/python3.14/site-packages/sqlalchemy/engine/base.py", line 2363, in _handle_dbapi_exception
    raise sqlalchemy_exception.with_traceback(exc_info[2]) from e
  File "/Users/marioscordia/Desktop/fastapi-shop/backend/venv/lib/python3.14/site-packages/sqlalchemy/engine/base.py", line 1967, in _exec_single_context
    self.dialect.do_execute(
    ~~~~~~~~~~~~~~~~~~~~~~~^
        cursor, str_statement, effective_parameters, context
        ^^^^^^^^^^^^^^^^^^^^^^^^^^^^^^^^^^^^^^^^^^^^^^^^^^^^
    )
    ^
  File "/Users/marioscordia/Desktop/fastapi-shop/backend/venv/lib/python3.14/site-packages/sqlalchemy/engine/default.py", line 952, in do_execute
    cursor.execute(statement, parameters)
    ~~~~~~~~~~~~~~^^^^^^^^^^^^^^^^^^^^^^^
  File "/Users/marioscordia/Desktop/fastapi-shop/backend/venv/lib/python3.14/site-packages/psycopg/cursor.py", line 117, in execute
    raise ex.with_traceback(None)
sqlalchemy.exc.IntegrityError: (psycopg.errors.UniqueViolation) duplicate key value violates unique constraint "users_pkey"
DETAIL:  Key (id)=(12) already exists.
[SQL: INSERT INTO users (id, email, full_name, password_hash, role, is_active, created_at) VALUES (%(id)s::INTEGER, %(email)s::VARCHAR, %(full_name)s::VARCHAR, %(password_hash)s::VARCHAR, %(role)s::VARCHAR, %(is_active)s, %(created_at)s::TIMESTAMP WITHOUT TIME ZONE)]
[parameters: {'id': 12, 'email': 'qa_17752298075401@test.novacart.local', 'full_name': 'QA Test User', 'password_hash': 'pbkdf2_sha256$7e311d8cc7f0ed47f6d5b572f3b5b4fc$elHh0DxthhoiyRs2RYgClH2FDTtflyUrcjrwxCvN10U=', 'role': 'customer', 'is_active': True, 'created_at': datetime.datetime(2026, 4, 3, 15, 23, 27, 566715)}]
(Background on this error at: https://sqlalche.me/e/20/gkpj)
ERROR:    Exception in ASGI application
Traceback (most recent call last):
  File "/Users/marioscordia/Desktop/fastapi-shop/backend/venv/lib/python3.14/site-packages/sqlalchemy/engine/base.py", line 1967, in _exec_single_context
    self.dialect.do_execute(
    ~~~~~~~~~~~~~~~~~~~~~~~^
        cursor, str_statement, effective_parameters, context
        ^^^^^^^^^^^^^^^^^^^^^^^^^^^^^^^^^^^^^^^^^^^^^^^^^^^^
    )
    ^
  File "/Users/marioscordia/Desktop/fastapi-shop/backend/venv/lib/python3.14/site-packages/sqlalchemy/engine/default.py", line 952, in do_execute
    cursor.execute(statement, parameters)
    ~~~~~~~~~~~~~~^^^^^^^^^^^^^^^^^^^^^^^
  File "/Users/marioscordia/Desktop/fastapi-shop/backend/venv/lib/python3.14/site-packages/psycopg/cursor.py", line 117, in execute
    raise ex.with_traceback(None)
psycopg.errors.UniqueViolation: duplicate key value violates unique constraint "users_pkey"
DETAIL:  Key (id)=(12) already exists.

The above exception was the direct cause of the following exception:

Traceback (most recent call last):
  File "/Users/marioscordia/Desktop/fastapi-shop/backend/venv/lib/python3.14/site-packages/uvicorn/protocols/http/h11_impl.py", line 410, in run_asgi
    result = await app(  # type: ignore[func-returns-value]
             ^^^^^^^^^^^^^^^^^^^^^^^^^^^^^^^^^^^^^^^^^^^^^^
        self.scope, self.receive, self.send
        ^^^^^^^^^^^^^^^^^^^^^^^^^^^^^^^^^^^
    )
    ^
  File "/Users/marioscordia/Desktop/fastapi-shop/backend/venv/lib/python3.14/site-packages/uvicorn/middleware/proxy_headers.py", line 60, in __call__
    return await self.app(scope, receive, send)
           ^^^^^^^^^^^^^^^^^^^^^^^^^^^^^^^^^^^^
  File "/Users/marioscordia/Desktop/fastapi-shop/backend/venv/lib/python3.14/site-packages/fastapi/applications.py", line 1134, in __call__
    await super().__call__(scope, receive, send)
  File "/Users/marioscordia/Desktop/fastapi-shop/backend/venv/lib/python3.14/site-packages/starlette/applications.py", line 107, in __call__
    await self.middleware_stack(scope, receive, send)
  File "/Users/marioscordia/Desktop/fastapi-shop/backend/venv/lib/python3.14/site-packages/starlette/middleware/errors.py", line 186, in __call__
    raise exc
  File "/Users/marioscordia/Desktop/fastapi-shop/backend/venv/lib/python3.14/site-packages/starlette/middleware/errors.py", line 164, in __call__
    await self.app(scope, receive, _send)
  File "/Users/marioscordia/Desktop/fastapi-shop/backend/venv/lib/python3.14/site-packages/starlette/middleware/cors.py", line 87, in __call__
    await self.app(scope, receive, send)
  File "/Users/marioscordia/Desktop/fastapi-shop/backend/venv/lib/python3.14/site-packages/starlette/middleware/exceptions.py", line 63, in __call__
    await wrap_app_handling_exceptions(self.app, conn)(scope, receive, send)
  File "/Users/marioscordia/Desktop/fastapi-shop/backend/venv/lib/python3.14/site-packages/starlette/_exception_handler.py", line 53, in wrapped_app
    raise exc
  File "/Users/marioscordia/Desktop/fastapi-shop/backend/venv/lib/python3.14/site-packages/starlette/_exception_handler.py", line 42, in wrapped_app
    await app(scope, receive, sender)
  File "/Users/marioscordia/Desktop/fastapi-shop/backend/venv/lib/python3.14/site-packages/fastapi/middleware/asyncexitstack.py", line 18, in __call__
    await self.app(scope, receive, send)
  File "/Users/marioscordia/Desktop/fastapi-shop/backend/venv/lib/python3.14/site-packages/starlette/routing.py", line 716, in __call__
    await self.middleware_stack(scope, receive, send)
  File "/Users/marioscordia/Desktop/fastapi-shop/backend/venv/lib/python3.14/site-packages/starlette/routing.py", line 736, in app
    await route.handle(scope, receive, send)
  File "/Users/marioscordia/Desktop/fastapi-shop/backend/venv/lib/python3.14/site-packages/starlette/routing.py", line 290, in handle
    await self.app(scope, receive, send)
  File "/Users/marioscordia/Desktop/fastapi-shop/backend/venv/lib/python3.14/site-packages/fastapi/routing.py", line 119, in app
    await wrap_app_handling_exceptions(app, request)(scope, receive, send)
  File "/Users/marioscordia/Desktop/fastapi-shop/backend/venv/lib/python3.14/site-packages/starlette/_exception_handler.py", line 53, in wrapped_app
    raise exc
  File "/Users/marioscordia/Desktop/fastapi-shop/backend/venv/lib/python3.14/site-packages/starlette/_exception_handler.py", line 42, in wrapped_app
    await app(scope, receive, sender)
  File "/Users/marioscordia/Desktop/fastapi-shop/backend/venv/lib/python3.14/site-packages/fastapi/routing.py", line 105, in app
    response = await f(request)
               ^^^^^^^^^^^^^^^^
  File "/Users/marioscordia/Desktop/fastapi-shop/backend/venv/lib/python3.14/site-packages/fastapi/routing.py", line 424, in app
    raw_response = await run_endpoint_function(
                   ^^^^^^^^^^^^^^^^^^^^^^^^^^^^
    ...<3 lines>...
    )
    ^
  File "/Users/marioscordia/Desktop/fastapi-shop/backend/venv/lib/python3.14/site-packages/fastapi/routing.py", line 314, in run_endpoint_function
    return await run_in_threadpool(dependant.call, **values)
           ^^^^^^^^^^^^^^^^^^^^^^^^^^^^^^^^^^^^^^^^^^^^^^^^^
  File "/Users/marioscordia/Desktop/fastapi-shop/backend/venv/lib/python3.14/site-packages/starlette/concurrency.py", line 32, in run_in_threadpool
    return await anyio.to_thread.run_sync(func)
           ^^^^^^^^^^^^^^^^^^^^^^^^^^^^^^^^^^^^
  File "/Users/marioscordia/Desktop/fastapi-shop/backend/venv/lib/python3.14/site-packages/anyio/to_thread.py", line 63, in run_sync
    return await get_async_backend().run_sync_in_worker_thread(
           ^^^^^^^^^^^^^^^^^^^^^^^^^^^^^^^^^^^^^^^^^^^^^^^^^^^^
        func, args, abandon_on_cancel=abandon_on_cancel, limiter=limiter
        ^^^^^^^^^^^^^^^^^^^^^^^^^^^^^^^^^^^^^^^^^^^^^^^^^^^^^^^^^^^^^^^^
    )
    ^
  File "/Users/marioscordia/Desktop/fastapi-shop/backend/venv/lib/python3.14/site-packages/anyio/_backends/_asyncio.py", line 2502, in run_sync_in_worker_thread
    return await future
           ^^^^^^^^^^^^
  File "/Users/marioscordia/Desktop/fastapi-shop/backend/venv/lib/python3.14/site-packages/anyio/_backends/_asyncio.py", line 986, in run
    result = context.run(func, *args)
  File "/Users/marioscordia/Desktop/qualityassurance/app/presentation/api/routers/auth.py", line 15, in register
    return services.auth.register(payload)
           ~~~~~~~~~~~~~~~~~~~~~~^^^^^^^^^
  File "/Users/marioscordia/Desktop/qualityassurance/app/application/services.py", line 344, in register
    created = self.users.create(user)
  File "/Users/marioscordia/Desktop/qualityassurance/app/infrastructure/repositories/sqlalchemy.py", line 116, in create
    self.session.flush()
    ~~~~~~~~~~~~~~~~~~^^
  File "/Users/marioscordia/Desktop/fastapi-shop/backend/venv/lib/python3.14/site-packages/sqlalchemy/orm/session.py", line 4331, in flush
    self._flush(objects)
    ~~~~~~~~~~~^^^^^^^^^
  File "/Users/marioscordia/Desktop/fastapi-shop/backend/venv/lib/python3.14/site-packages/sqlalchemy/orm/session.py", line 4466, in _flush
    with util.safe_reraise():
         ~~~~~~~~~~~~~~~~~^^
  File "/Users/marioscordia/Desktop/fastapi-shop/backend/venv/lib/python3.14/site-packages/sqlalchemy/util/langhelpers.py", line 224, in __exit__
    raise exc_value.with_traceback(exc_tb)
  File "/Users/marioscordia/Desktop/fastapi-shop/backend/venv/lib/python3.14/site-packages/sqlalchemy/orm/session.py", line 4427, in _flush
    flush_context.execute()
    ~~~~~~~~~~~~~~~~~~~~~^^
  File "/Users/marioscordia/Desktop/fastapi-shop/backend/venv/lib/python3.14/site-packages/sqlalchemy/orm/unitofwork.py", line 466, in execute
    rec.execute(self)
    ~~~~~~~~~~~^^^^^^
  File "/Users/marioscordia/Desktop/fastapi-shop/backend/venv/lib/python3.14/site-packages/sqlalchemy/orm/unitofwork.py", line 642, in execute
    util.preloaded.orm_persistence.save_obj(
    ~~~~~~~~~~~~~~~~~~~~~~~~~~~~~~~~~~~~~~~^
        self.mapper,
        ^^^^^^^^^^^^
        uow.states_for_mapper_hierarchy(self.mapper, False, False),
        ^^^^^^^^^^^^^^^^^^^^^^^^^^^^^^^^^^^^^^^^^^^^^^^^^^^^^^^^^^^
        uow,
        ^^^^
    )
    ^
  File "/Users/marioscordia/Desktop/fastapi-shop/backend/venv/lib/python3.14/site-packages/sqlalchemy/orm/persistence.py", line 93, in save_obj
    _emit_insert_statements(
    ~~~~~~~~~~~~~~~~~~~~~~~^
        base_mapper,
        ^^^^^^^^^^^^
    ...<3 lines>...
        insert,
        ^^^^^^^
    )
    ^
  File "/Users/marioscordia/Desktop/fastapi-shop/backend/venv/lib/python3.14/site-packages/sqlalchemy/orm/persistence.py", line 1048, in _emit_insert_statements
    result = connection.execute(
        statement, multiparams, execution_options=execution_options
    )
  File "/Users/marioscordia/Desktop/fastapi-shop/backend/venv/lib/python3.14/site-packages/sqlalchemy/engine/base.py", line 1419, in execute
    return meth(
        self,
        distilled_parameters,
        execution_options or NO_OPTIONS,
    )
  File "/Users/marioscordia/Desktop/fastapi-shop/backend/venv/lib/python3.14/site-packages/sqlalchemy/sql/elements.py", line 527, in _execute_on_connection
    return connection._execute_clauseelement(
           ~~~~~~~~~~~~~~~~~~~~~~~~~~~~~~~~~^
        self, distilled_params, execution_options
        ^^^^^^^^^^^^^^^^^^^^^^^^^^^^^^^^^^^^^^^^^
    )
    ^
  File "/Users/marioscordia/Desktop/fastapi-shop/backend/venv/lib/python3.14/site-packages/sqlalchemy/engine/base.py", line 1641, in _execute_clauseelement
    ret = self._execute_context(
        dialect,
    ...<8 lines>...
        cache_hit=cache_hit,
    )
  File "/Users/marioscordia/Desktop/fastapi-shop/backend/venv/lib/python3.14/site-packages/sqlalchemy/engine/base.py", line 1846, in _execute_context
    return self._exec_single_context(
           ~~~~~~~~~~~~~~~~~~~~~~~~~^
        dialect, context, statement, parameters
        ^^^^^^^^^^^^^^^^^^^^^^^^^^^^^^^^^^^^^^^
    )
    ^
  File "/Users/marioscordia/Desktop/fastapi-shop/backend/venv/lib/python3.14/site-packages/sqlalchemy/engine/base.py", line 1986, in _exec_single_context
    self._handle_dbapi_exception(
    ~~~~~~~~~~~~~~~~~~~~~~~~~~~~^
        e, str_statement, effective_parameters, cursor, context
        ^^^^^^^^^^^^^^^^^^^^^^^^^^^^^^^^^^^^^^^^^^^^^^^^^^^^^^^
    )
    ^
  File "/Users/marioscordia/Desktop/fastapi-shop/backend/venv/lib/python3.14/site-packages/sqlalchemy/engine/base.py", line 2363, in _handle_dbapi_exception
    raise sqlalchemy_exception.with_traceback(exc_info[2]) from e
  File "/Users/marioscordia/Desktop/fastapi-shop/backend/venv/lib/python3.14/site-packages/sqlalchemy/engine/base.py", line 1967, in _exec_single_context
    self.dialect.do_execute(
    ~~~~~~~~~~~~~~~~~~~~~~~^
        cursor, str_statement, effective_parameters, context
        ^^^^^^^^^^^^^^^^^^^^^^^^^^^^^^^^^^^^^^^^^^^^^^^^^^^^
    )
    ^
  File "/Users/marioscordia/Desktop/fastapi-shop/backend/venv/lib/python3.14/site-packages/sqlalchemy/engine/default.py", line 952, in do_execute
    cursor.execute(statement, parameters)
    ~~~~~~~~~~~~~~^^^^^^^^^^^^^^^^^^^^^^^
  File "/Users/marioscordia/Desktop/fastapi-shop/backend/venv/lib/python3.14/site-packages/psycopg/cursor.py", line 117, in execute
    raise ex.with_traceback(None)
sqlalchemy.exc.IntegrityError: (psycopg.errors.UniqueViolation) duplicate key value violates unique constraint "users_pkey"
DETAIL:  Key (id)=(12) already exists.
[SQL: INSERT INTO users (id, email, full_name, password_hash, role, is_active, created_at) VALUES (%(id)s::INTEGER, %(email)s::VARCHAR, %(full_name)s::VARCHAR, %(password_hash)s::VARCHAR, %(role)s::VARCHAR, %(is_active)s, %(created_at)s::TIMESTAMP WITHOUT TIME ZONE)]
[parameters: {'id': 12, 'email': 'qa_17752298075411@test.novacart.local', 'full_name': 'QA Test User', 'password_hash': 'pbkdf2_sha256$a48ad58f4eb41446dc93f2e2cab42b2d$mWzTtEZrqSfU+QIPJufgQpvCkx2lgjn1iXlGxCLmcW0=', 'role': 'customer', 'is_active': True, 'created_at': datetime.datetime(2026, 4, 3, 15, 23, 27, 565612)}]
(Background on this error at: https://sqlalche.me/e/20/gkpj)
ERROR:    Exception in ASGI application
Traceback (most recent call last):
  File "/Users/marioscordia/Desktop/fastapi-shop/backend/venv/lib/python3.14/site-packages/sqlalchemy/engine/base.py", line 1967, in _exec_single_context
    self.dialect.do_execute(
    ~~~~~~~~~~~~~~~~~~~~~~~^
        cursor, str_statement, effective_parameters, context
        ^^^^^^^^^^^^^^^^^^^^^^^^^^^^^^^^^^^^^^^^^^^^^^^^^^^^
    )
    ^
  File "/Users/marioscordia/Desktop/fastapi-shop/backend/venv/lib/python3.14/site-packages/sqlalchemy/engine/default.py", line 952, in do_execute
    cursor.execute(statement, parameters)
    ~~~~~~~~~~~~~~^^^^^^^^^^^^^^^^^^^^^^^
  File "/Users/marioscordia/Desktop/fastapi-shop/backend/venv/lib/python3.14/site-packages/psycopg/cursor.py", line 117, in execute
    raise ex.with_traceback(None)
psycopg.errors.UniqueViolation: duplicate key value violates unique constraint "users_pkey"
DETAIL:  Key (id)=(12) already exists.

The above exception was the direct cause of the following exception:

Traceback (most recent call last):
  File "/Users/marioscordia/Desktop/fastapi-shop/backend/venv/lib/python3.14/site-packages/uvicorn/protocols/http/h11_impl.py", line 410, in run_asgi
    result = await app(  # type: ignore[func-returns-value]
             ^^^^^^^^^^^^^^^^^^^^^^^^^^^^^^^^^^^^^^^^^^^^^^
        self.scope, self.receive, self.send
        ^^^^^^^^^^^^^^^^^^^^^^^^^^^^^^^^^^^
    )
    ^
  File "/Users/marioscordia/Desktop/fastapi-shop/backend/venv/lib/python3.14/site-packages/uvicorn/middleware/proxy_headers.py", line 60, in __call__
    return await self.app(scope, receive, send)
           ^^^^^^^^^^^^^^^^^^^^^^^^^^^^^^^^^^^^
  File "/Users/marioscordia/Desktop/fastapi-shop/backend/venv/lib/python3.14/site-packages/fastapi/applications.py", line 1134, in __call__
    await super().__call__(scope, receive, send)
  File "/Users/marioscordia/Desktop/fastapi-shop/backend/venv/lib/python3.14/site-packages/starlette/applications.py", line 107, in __call__
    await self.middleware_stack(scope, receive, send)
  File "/Users/marioscordia/Desktop/fastapi-shop/backend/venv/lib/python3.14/site-packages/starlette/middleware/errors.py", line 186, in __call__
    raise exc
  File "/Users/marioscordia/Desktop/fastapi-shop/backend/venv/lib/python3.14/site-packages/starlette/middleware/errors.py", line 164, in __call__
    await self.app(scope, receive, _send)
  File "/Users/marioscordia/Desktop/fastapi-shop/backend/venv/lib/python3.14/site-packages/starlette/middleware/cors.py", line 87, in __call__
    await self.app(scope, receive, send)
  File "/Users/marioscordia/Desktop/fastapi-shop/backend/venv/lib/python3.14/site-packages/starlette/middleware/exceptions.py", line 63, in __call__
    await wrap_app_handling_exceptions(self.app, conn)(scope, receive, send)
  File "/Users/marioscordia/Desktop/fastapi-shop/backend/venv/lib/python3.14/site-packages/starlette/_exception_handler.py", line 53, in wrapped_app
    raise exc
  File "/Users/marioscordia/Desktop/fastapi-shop/backend/venv/lib/python3.14/site-packages/starlette/_exception_handler.py", line 42, in wrapped_app
    await app(scope, receive, sender)
  File "/Users/marioscordia/Desktop/fastapi-shop/backend/venv/lib/python3.14/site-packages/fastapi/middleware/asyncexitstack.py", line 18, in __call__
    await self.app(scope, receive, send)
  File "/Users/marioscordia/Desktop/fastapi-shop/backend/venv/lib/python3.14/site-packages/starlette/routing.py", line 716, in __call__
    await self.middleware_stack(scope, receive, send)
  File "/Users/marioscordia/Desktop/fastapi-shop/backend/venv/lib/python3.14/site-packages/starlette/routing.py", line 736, in app
    await route.handle(scope, receive, send)
  File "/Users/marioscordia/Desktop/fastapi-shop/backend/venv/lib/python3.14/site-packages/starlette/routing.py", line 290, in handle
    await self.app(scope, receive, send)
  File "/Users/marioscordia/Desktop/fastapi-shop/backend/venv/lib/python3.14/site-packages/fastapi/routing.py", line 119, in app
    await wrap_app_handling_exceptions(app, request)(scope, receive, send)
  File "/Users/marioscordia/Desktop/fastapi-shop/backend/venv/lib/python3.14/site-packages/starlette/_exception_handler.py", line 53, in wrapped_app
    raise exc
  File "/Users/marioscordia/Desktop/fastapi-shop/backend/venv/lib/python3.14/site-packages/starlette/_exception_handler.py", line 42, in wrapped_app
    await app(scope, receive, sender)
  File "/Users/marioscordia/Desktop/fastapi-shop/backend/venv/lib/python3.14/site-packages/fastapi/routing.py", line 105, in app
    response = await f(request)
               ^^^^^^^^^^^^^^^^
  File "/Users/marioscordia/Desktop/fastapi-shop/backend/venv/lib/python3.14/site-packages/fastapi/routing.py", line 424, in app
    raw_response = await run_endpoint_function(
                   ^^^^^^^^^^^^^^^^^^^^^^^^^^^^
    ...<3 lines>...
    )
    ^
  File "/Users/marioscordia/Desktop/fastapi-shop/backend/venv/lib/python3.14/site-packages/fastapi/routing.py", line 314, in run_endpoint_function
    return await run_in_threadpool(dependant.call, **values)
           ^^^^^^^^^^^^^^^^^^^^^^^^^^^^^^^^^^^^^^^^^^^^^^^^^
  File "/Users/marioscordia/Desktop/fastapi-shop/backend/venv/lib/python3.14/site-packages/starlette/concurrency.py", line 32, in run_in_threadpool
    return await anyio.to_thread.run_sync(func)
           ^^^^^^^^^^^^^^^^^^^^^^^^^^^^^^^^^^^^
  File "/Users/marioscordia/Desktop/fastapi-shop/backend/venv/lib/python3.14/site-packages/anyio/to_thread.py", line 63, in run_sync
    return await get_async_backend().run_sync_in_worker_thread(
           ^^^^^^^^^^^^^^^^^^^^^^^^^^^^^^^^^^^^^^^^^^^^^^^^^^^^
        func, args, abandon_on_cancel=abandon_on_cancel, limiter=limiter
        ^^^^^^^^^^^^^^^^^^^^^^^^^^^^^^^^^^^^^^^^^^^^^^^^^^^^^^^^^^^^^^^^
    )
    ^
  File "/Users/marioscordia/Desktop/fastapi-shop/backend/venv/lib/python3.14/site-packages/anyio/_backends/_asyncio.py", line 2502, in run_sync_in_worker_thread
    return await future
           ^^^^^^^^^^^^
  File "/Users/marioscordia/Desktop/fastapi-shop/backend/venv/lib/python3.14/site-packages/anyio/_backends/_asyncio.py", line 986, in run
    result = context.run(func, *args)
  File "/Users/marioscordia/Desktop/qualityassurance/app/presentation/api/routers/auth.py", line 15, in register
    return services.auth.register(payload)
           ~~~~~~~~~~~~~~~~~~~~~~^^^^^^^^^
  File "/Users/marioscordia/Desktop/qualityassurance/app/application/services.py", line 344, in register
    created = self.users.create(user)
  File "/Users/marioscordia/Desktop/qualityassurance/app/infrastructure/repositories/sqlalchemy.py", line 116, in create
    self.session.flush()
    ~~~~~~~~~~~~~~~~~~^^
  File "/Users/marioscordia/Desktop/fastapi-shop/backend/venv/lib/python3.14/site-packages/sqlalchemy/orm/session.py", line 4331, in flush
    self._flush(objects)
    ~~~~~~~~~~~^^^^^^^^^
  File "/Users/marioscordia/Desktop/fastapi-shop/backend/venv/lib/python3.14/site-packages/sqlalchemy/orm/session.py", line 4466, in _flush
    with util.safe_reraise():
         ~~~~~~~~~~~~~~~~~^^
  File "/Users/marioscordia/Desktop/fastapi-shop/backend/venv/lib/python3.14/site-packages/sqlalchemy/util/langhelpers.py", line 224, in __exit__
    raise exc_value.with_traceback(exc_tb)
  File "/Users/marioscordia/Desktop/fastapi-shop/backend/venv/lib/python3.14/site-packages/sqlalchemy/orm/session.py", line 4427, in _flush
    flush_context.execute()
    ~~~~~~~~~~~~~~~~~~~~~^^
  File "/Users/marioscordia/Desktop/fastapi-shop/backend/venv/lib/python3.14/site-packages/sqlalchemy/orm/unitofwork.py", line 466, in execute
    rec.execute(self)
    ~~~~~~~~~~~^^^^^^
  File "/Users/marioscordia/Desktop/fastapi-shop/backend/venv/lib/python3.14/site-packages/sqlalchemy/orm/unitofwork.py", line 642, in execute
    util.preloaded.orm_persistence.save_obj(
    ~~~~~~~~~~~~~~~~~~~~~~~~~~~~~~~~~~~~~~~^
        self.mapper,
        ^^^^^^^^^^^^
        uow.states_for_mapper_hierarchy(self.mapper, False, False),
        ^^^^^^^^^^^^^^^^^^^^^^^^^^^^^^^^^^^^^^^^^^^^^^^^^^^^^^^^^^^
        uow,
        ^^^^
    )
    ^
  File "/Users/marioscordia/Desktop/fastapi-shop/backend/venv/lib/python3.14/site-packages/sqlalchemy/orm/persistence.py", line 93, in save_obj
    _emit_insert_statements(
    ~~~~~~~~~~~~~~~~~~~~~~~^
        base_mapper,
        ^^^^^^^^^^^^
    ...<3 lines>...
        insert,
        ^^^^^^^
    )
    ^
  File "/Users/marioscordia/Desktop/fastapi-shop/backend/venv/lib/python3.14/site-packages/sqlalchemy/orm/persistence.py", line 1048, in _emit_insert_statements
    result = connection.execute(
        statement, multiparams, execution_options=execution_options
    )
  File "/Users/marioscordia/Desktop/fastapi-shop/backend/venv/lib/python3.14/site-packages/sqlalchemy/engine/base.py", line 1419, in execute
    return meth(
        self,
        distilled_parameters,
        execution_options or NO_OPTIONS,
    )
  File "/Users/marioscordia/Desktop/fastapi-shop/backend/venv/lib/python3.14/site-packages/sqlalchemy/sql/elements.py", line 527, in _execute_on_connection
    return connection._execute_clauseelement(
           ~~~~~~~~~~~~~~~~~~~~~~~~~~~~~~~~~^
        self, distilled_params, execution_options
        ^^^^^^^^^^^^^^^^^^^^^^^^^^^^^^^^^^^^^^^^^
    )
    ^
  File "/Users/marioscordia/Desktop/fastapi-shop/backend/venv/lib/python3.14/site-packages/sqlalchemy/engine/base.py", line 1641, in _execute_clauseelement
    ret = self._execute_context(
        dialect,
    ...<8 lines>...
        cache_hit=cache_hit,
    )
  File "/Users/marioscordia/Desktop/fastapi-shop/backend/venv/lib/python3.14/site-packages/sqlalchemy/engine/base.py", line 1846, in _execute_context
    return self._exec_single_context(
           ~~~~~~~~~~~~~~~~~~~~~~~~~^
        dialect, context, statement, parameters
        ^^^^^^^^^^^^^^^^^^^^^^^^^^^^^^^^^^^^^^^
    )
    ^
  File "/Users/marioscordia/Desktop/fastapi-shop/backend/venv/lib/python3.14/site-packages/sqlalchemy/engine/base.py", line 1986, in _exec_single_context
    self._handle_dbapi_exception(
    ~~~~~~~~~~~~~~~~~~~~~~~~~~~~^
        e, str_statement, effective_parameters, cursor, context
        ^^^^^^^^^^^^^^^^^^^^^^^^^^^^^^^^^^^^^^^^^^^^^^^^^^^^^^^
    )
    ^
  File "/Users/marioscordia/Desktop/fastapi-shop/backend/venv/lib/python3.14/site-packages/sqlalchemy/engine/base.py", line 2363, in _handle_dbapi_exception
    raise sqlalchemy_exception.with_traceback(exc_info[2]) from e
  File "/Users/marioscordia/Desktop/fastapi-shop/backend/venv/lib/python3.14/site-packages/sqlalchemy/engine/base.py", line 1967, in _exec_single_context
    self.dialect.do_execute(
    ~~~~~~~~~~~~~~~~~~~~~~~^
        cursor, str_statement, effective_parameters, context
        ^^^^^^^^^^^^^^^^^^^^^^^^^^^^^^^^^^^^^^^^^^^^^^^^^^^^
    )
    ^
  File "/Users/marioscordia/Desktop/fastapi-shop/backend/venv/lib/python3.14/site-packages/sqlalchemy/engine/default.py", line 952, in do_execute
    cursor.execute(statement, parameters)
    ~~~~~~~~~~~~~~^^^^^^^^^^^^^^^^^^^^^^^
  File "/Users/marioscordia/Desktop/fastapi-shop/backend/venv/lib/python3.14/site-packages/psycopg/cursor.py", line 117, in execute
    raise ex.with_traceback(None)
sqlalchemy.exc.IntegrityError: (psycopg.errors.UniqueViolation) duplicate key value violates unique constraint "users_pkey"
DETAIL:  Key (id)=(12) already exists.
[SQL: INSERT INTO users (id, email, full_name, password_hash, role, is_active, created_at) VALUES (%(id)s::INTEGER, %(email)s::VARCHAR, %(full_name)s::VARCHAR, %(password_hash)s::VARCHAR, %(role)s::VARCHAR, %(is_active)s, %(created_at)s::TIMESTAMP WITHOUT TIME ZONE)]
[parameters: {'id': 12, 'email': 'qa_17752298075401@test.novacart.local', 'full_name': 'QA Test User', 'password_hash': 'pbkdf2_sha256$d1aedc1ac0f2e2bdcf97e6df4c641bed$YP40Wqm1OEH53VJ6o/+q+d6BKjGQCXSDXcTN+399GOY=', 'role': 'customer', 'is_active': True, 'created_at': datetime.datetime(2026, 4, 3, 15, 23, 27, 578354)}]
(Background on this error at: https://sqlalche.me/e/20/gkpj)
ERROR:    Exception in ASGI application
Traceback (most recent call last):
  File "/Users/marioscordia/Desktop/fastapi-shop/backend/venv/lib/python3.14/site-packages/sqlalchemy/engine/base.py", line 1967, in _exec_single_context
    self.dialect.do_execute(
    ~~~~~~~~~~~~~~~~~~~~~~~^
        cursor, str_statement, effective_parameters, context
        ^^^^^^^^^^^^^^^^^^^^^^^^^^^^^^^^^^^^^^^^^^^^^^^^^^^^
    )
    ^
  File "/Users/marioscordia/Desktop/fastapi-shop/backend/venv/lib/python3.14/site-packages/sqlalchemy/engine/default.py", line 952, in do_execute
    cursor.execute(statement, parameters)
    ~~~~~~~~~~~~~~^^^^^^^^^^^^^^^^^^^^^^^
  File "/Users/marioscordia/Desktop/fastapi-shop/backend/venv/lib/python3.14/site-packages/psycopg/cursor.py", line 117, in execute
    raise ex.with_traceback(None)
psycopg.errors.UniqueViolation: duplicate key value violates unique constraint "carts_pkey"
DETAIL:  Key (id)=(1) already exists.

The above exception was the direct cause of the following exception:

Traceback (most recent call last):
  File "/Users/marioscordia/Desktop/fastapi-shop/backend/venv/lib/python3.14/site-packages/uvicorn/protocols/http/h11_impl.py", line 410, in run_asgi
    result = await app(  # type: ignore[func-returns-value]
             ^^^^^^^^^^^^^^^^^^^^^^^^^^^^^^^^^^^^^^^^^^^^^^
        self.scope, self.receive, self.send
        ^^^^^^^^^^^^^^^^^^^^^^^^^^^^^^^^^^^
    )
    ^
  File "/Users/marioscordia/Desktop/fastapi-shop/backend/venv/lib/python3.14/site-packages/uvicorn/middleware/proxy_headers.py", line 60, in __call__
    return await self.app(scope, receive, send)
           ^^^^^^^^^^^^^^^^^^^^^^^^^^^^^^^^^^^^
  File "/Users/marioscordia/Desktop/fastapi-shop/backend/venv/lib/python3.14/site-packages/fastapi/applications.py", line 1134, in __call__
    await super().__call__(scope, receive, send)
  File "/Users/marioscordia/Desktop/fastapi-shop/backend/venv/lib/python3.14/site-packages/starlette/applications.py", line 107, in __call__
    await self.middleware_stack(scope, receive, send)
  File "/Users/marioscordia/Desktop/fastapi-shop/backend/venv/lib/python3.14/site-packages/starlette/middleware/errors.py", line 186, in __call__
    raise exc
  File "/Users/marioscordia/Desktop/fastapi-shop/backend/venv/lib/python3.14/site-packages/starlette/middleware/errors.py", line 164, in __call__
    await self.app(scope, receive, _send)
  File "/Users/marioscordia/Desktop/fastapi-shop/backend/venv/lib/python3.14/site-packages/starlette/middleware/cors.py", line 87, in __call__
    await self.app(scope, receive, send)
  File "/Users/marioscordia/Desktop/fastapi-shop/backend/venv/lib/python3.14/site-packages/starlette/middleware/exceptions.py", line 63, in __call__
    await wrap_app_handling_exceptions(self.app, conn)(scope, receive, send)
  File "/Users/marioscordia/Desktop/fastapi-shop/backend/venv/lib/python3.14/site-packages/starlette/_exception_handler.py", line 53, in wrapped_app
    raise exc
  File "/Users/marioscordia/Desktop/fastapi-shop/backend/venv/lib/python3.14/site-packages/starlette/_exception_handler.py", line 42, in wrapped_app
    await app(scope, receive, sender)
  File "/Users/marioscordia/Desktop/fastapi-shop/backend/venv/lib/python3.14/site-packages/fastapi/middleware/asyncexitstack.py", line 18, in __call__
    await self.app(scope, receive, send)
  File "/Users/marioscordia/Desktop/fastapi-shop/backend/venv/lib/python3.14/site-packages/starlette/routing.py", line 716, in __call__
    await self.middleware_stack(scope, receive, send)
  File "/Users/marioscordia/Desktop/fastapi-shop/backend/venv/lib/python3.14/site-packages/starlette/routing.py", line 736, in app
    await route.handle(scope, receive, send)
  File "/Users/marioscordia/Desktop/fastapi-shop/backend/venv/lib/python3.14/site-packages/starlette/routing.py", line 290, in handle
    await self.app(scope, receive, send)
  File "/Users/marioscordia/Desktop/fastapi-shop/backend/venv/lib/python3.14/site-packages/fastapi/routing.py", line 119, in app
    await wrap_app_handling_exceptions(app, request)(scope, receive, send)
  File "/Users/marioscordia/Desktop/fastapi-shop/backend/venv/lib/python3.14/site-packages/starlette/_exception_handler.py", line 53, in wrapped_app
    raise exc
  File "/Users/marioscordia/Desktop/fastapi-shop/backend/venv/lib/python3.14/site-packages/starlette/_exception_handler.py", line 42, in wrapped_app
    await app(scope, receive, sender)
  File "/Users/marioscordia/Desktop/fastapi-shop/backend/venv/lib/python3.14/site-packages/fastapi/routing.py", line 105, in app
    response = await f(request)
               ^^^^^^^^^^^^^^^^
  File "/Users/marioscordia/Desktop/fastapi-shop/backend/venv/lib/python3.14/site-packages/fastapi/routing.py", line 424, in app
    raw_response = await run_endpoint_function(
                   ^^^^^^^^^^^^^^^^^^^^^^^^^^^^
    ...<3 lines>...
    )
    ^
  File "/Users/marioscordia/Desktop/fastapi-shop/backend/venv/lib/python3.14/site-packages/fastapi/routing.py", line 314, in run_endpoint_function
    return await run_in_threadpool(dependant.call, **values)
           ^^^^^^^^^^^^^^^^^^^^^^^^^^^^^^^^^^^^^^^^^^^^^^^^^
  File "/Users/marioscordia/Desktop/fastapi-shop/backend/venv/lib/python3.14/site-packages/starlette/concurrency.py", line 32, in run_in_threadpool
    return await anyio.to_thread.run_sync(func)
           ^^^^^^^^^^^^^^^^^^^^^^^^^^^^^^^^^^^^
  File "/Users/marioscordia/Desktop/fastapi-shop/backend/venv/lib/python3.14/site-packages/anyio/to_thread.py", line 63, in run_sync
    return await get_async_backend().run_sync_in_worker_thread(
           ^^^^^^^^^^^^^^^^^^^^^^^^^^^^^^^^^^^^^^^^^^^^^^^^^^^^
        func, args, abandon_on_cancel=abandon_on_cancel, limiter=limiter
        ^^^^^^^^^^^^^^^^^^^^^^^^^^^^^^^^^^^^^^^^^^^^^^^^^^^^^^^^^^^^^^^^
    )
    ^
  File "/Users/marioscordia/Desktop/fastapi-shop/backend/venv/lib/python3.14/site-packages/anyio/_backends/_asyncio.py", line 2502, in run_sync_in_worker_thread
    return await future
           ^^^^^^^^^^^^
  File "/Users/marioscordia/Desktop/fastapi-shop/backend/venv/lib/python3.14/site-packages/anyio/_backends/_asyncio.py", line 986, in run
    result = context.run(func, *args)
  File "/Users/marioscordia/Desktop/qualityassurance/app/presentation/api/routers/cart.py", line 23, in add_item
    return services.cart.add_item(payload)
           ~~~~~~~~~~~~~~~~~~~~~~^^^^^^^^^
  File "/Users/marioscordia/Desktop/qualityassurance/app/application/services.py", line 144, in add_item
    self.cart.set_item(CartItem(product_id=product.id, quantity=new_quantity))
    ~~~~~~~~~~~~~~~~~~^^^^^^^^^^^^^^^^^^^^^^^^^^^^^^^^^^^^^^^^^^^^^^^^^^^^^^^^
  File "/Users/marioscordia/Desktop/qualityassurance/app/infrastructure/repositories/sqlalchemy.py", line 254, in set_item
    cart = self._cart_model(create=True)
  File "/Users/marioscordia/Desktop/qualityassurance/app/infrastructure/repositories/sqlalchemy.py", line 232, in _cart_model
    self.session.flush()
    ~~~~~~~~~~~~~~~~~~^^
  File "/Users/marioscordia/Desktop/fastapi-shop/backend/venv/lib/python3.14/site-packages/sqlalchemy/orm/session.py", line 4331, in flush
    self._flush(objects)
    ~~~~~~~~~~~^^^^^^^^^
  File "/Users/marioscordia/Desktop/fastapi-shop/backend/venv/lib/python3.14/site-packages/sqlalchemy/orm/session.py", line 4466, in _flush
    with util.safe_reraise():
         ~~~~~~~~~~~~~~~~~^^
  File "/Users/marioscordia/Desktop/fastapi-shop/backend/venv/lib/python3.14/site-packages/sqlalchemy/util/langhelpers.py", line 224, in __exit__
    raise exc_value.with_traceback(exc_tb)
  File "/Users/marioscordia/Desktop/fastapi-shop/backend/venv/lib/python3.14/site-packages/sqlalchemy/orm/session.py", line 4427, in _flush
    flush_context.execute()
    ~~~~~~~~~~~~~~~~~~~~~^^
  File "/Users/marioscordia/Desktop/fastapi-shop/backend/venv/lib/python3.14/site-packages/sqlalchemy/orm/unitofwork.py", line 466, in execute
    rec.execute(self)
    ~~~~~~~~~~~^^^^^^
  File "/Users/marioscordia/Desktop/fastapi-shop/backend/venv/lib/python3.14/site-packages/sqlalchemy/orm/unitofwork.py", line 642, in execute
    util.preloaded.orm_persistence.save_obj(
    ~~~~~~~~~~~~~~~~~~~~~~~~~~~~~~~~~~~~~~~^
        self.mapper,
        ^^^^^^^^^^^^
        uow.states_for_mapper_hierarchy(self.mapper, False, False),
        ^^^^^^^^^^^^^^^^^^^^^^^^^^^^^^^^^^^^^^^^^^^^^^^^^^^^^^^^^^^
        uow,
        ^^^^
    )
    ^
  File "/Users/marioscordia/Desktop/fastapi-shop/backend/venv/lib/python3.14/site-packages/sqlalchemy/orm/persistence.py", line 93, in save_obj
    _emit_insert_statements(
    ~~~~~~~~~~~~~~~~~~~~~~~^
        base_mapper,
        ^^^^^^^^^^^^
    ...<3 lines>...
        insert,
        ^^^^^^^
    )
    ^
  File "/Users/marioscordia/Desktop/fastapi-shop/backend/venv/lib/python3.14/site-packages/sqlalchemy/orm/persistence.py", line 1233, in _emit_insert_statements
    result = connection.execute(
        statement,
        params,
        execution_options=execution_options,
    )
  File "/Users/marioscordia/Desktop/fastapi-shop/backend/venv/lib/python3.14/site-packages/sqlalchemy/engine/base.py", line 1419, in execute
    return meth(
        self,
        distilled_parameters,
        execution_options or NO_OPTIONS,
    )
  File "/Users/marioscordia/Desktop/fastapi-shop/backend/venv/lib/python3.14/site-packages/sqlalchemy/sql/elements.py", line 527, in _execute_on_connection
    return connection._execute_clauseelement(
           ~~~~~~~~~~~~~~~~~~~~~~~~~~~~~~~~~^
        self, distilled_params, execution_options
        ^^^^^^^^^^^^^^^^^^^^^^^^^^^^^^^^^^^^^^^^^
    )
    ^
  File "/Users/marioscordia/Desktop/fastapi-shop/backend/venv/lib/python3.14/site-packages/sqlalchemy/engine/base.py", line 1641, in _execute_clauseelement
    ret = self._execute_context(
        dialect,
    ...<8 lines>...
        cache_hit=cache_hit,
    )
  File "/Users/marioscordia/Desktop/fastapi-shop/backend/venv/lib/python3.14/site-packages/sqlalchemy/engine/base.py", line 1846, in _execute_context
    return self._exec_single_context(
           ~~~~~~~~~~~~~~~~~~~~~~~~~^
        dialect, context, statement, parameters
        ^^^^^^^^^^^^^^^^^^^^^^^^^^^^^^^^^^^^^^^
    )
    ^
  File "/Users/marioscordia/Desktop/fastapi-shop/backend/venv/lib/python3.14/site-packages/sqlalchemy/engine/base.py", line 1986, in _exec_single_context
    self._handle_dbapi_exception(
    ~~~~~~~~~~~~~~~~~~~~~~~~~~~~^
        e, str_statement, effective_parameters, cursor, context
        ^^^^^^^^^^^^^^^^^^^^^^^^^^^^^^^^^^^^^^^^^^^^^^^^^^^^^^^
    )
    ^
  File "/Users/marioscordia/Desktop/fastapi-shop/backend/venv/lib/python3.14/site-packages/sqlalchemy/engine/base.py", line 2363, in _handle_dbapi_exception
    raise sqlalchemy_exception.with_traceback(exc_info[2]) from e
  File "/Users/marioscordia/Desktop/fastapi-shop/backend/venv/lib/python3.14/site-packages/sqlalchemy/engine/base.py", line 1967, in _exec_single_context
    self.dialect.do_execute(
    ~~~~~~~~~~~~~~~~~~~~~~~^
        cursor, str_statement, effective_parameters, context
        ^^^^^^^^^^^^^^^^^^^^^^^^^^^^^^^^^^^^^^^^^^^^^^^^^^^^
    )
    ^
  File "/Users/marioscordia/Desktop/fastapi-shop/backend/venv/lib/python3.14/site-packages/sqlalchemy/engine/default.py", line 952, in do_execute
    cursor.execute(statement, parameters)
    ~~~~~~~~~~~~~~^^^^^^^^^^^^^^^^^^^^^^^
  File "/Users/marioscordia/Desktop/fastapi-shop/backend/venv/lib/python3.14/site-packages/psycopg/cursor.py", line 117, in execute
    raise ex.with_traceback(None)
sqlalchemy.exc.IntegrityError: (psycopg.errors.UniqueViolation) duplicate key value violates unique constraint "carts_pkey"
DETAIL:  Key (id)=(1) already exists.
[SQL: INSERT INTO carts (user_id, coupon_code, shipping_method, updated_at) VALUES (%(user_id)s::INTEGER, %(coupon_code)s::VARCHAR, %(shipping_method)s::VARCHAR, %(updated_at)s::TIMESTAMP WITHOUT TIME ZONE) RETURNING carts.id]
[parameters: {'user_id': 12, 'coupon_code': None, 'shipping_method': 'standard', 'updated_at': datetime.datetime(2026, 4, 3, 15, 23, 27, 609865)}]
(Background on this error at: https://sqlalche.me/e/20/gkpj)
ERROR:    Exception in ASGI application
Traceback (most recent call last):
  File "/Users/marioscordia/Desktop/fastapi-shop/backend/venv/lib/python3.14/site-packages/sqlalchemy/engine/base.py", line 1967, in _exec_single_context
    self.dialect.do_execute(
    ~~~~~~~~~~~~~~~~~~~~~~~^
        cursor, str_statement, effective_parameters, context
        ^^^^^^^^^^^^^^^^^^^^^^^^^^^^^^^^^^^^^^^^^^^^^^^^^^^^
    )
    ^
  File "/Users/marioscordia/Desktop/fastapi-shop/backend/venv/lib/python3.14/site-packages/sqlalchemy/engine/default.py", line 952, in do_execute
    cursor.execute(statement, parameters)
    ~~~~~~~~~~~~~~^^^^^^^^^^^^^^^^^^^^^^^
  File "/Users/marioscordia/Desktop/fastapi-shop/backend/venv/lib/python3.14/site-packages/psycopg/cursor.py", line 117, in execute
    raise ex.with_traceback(None)
psycopg.errors.UniqueViolation: duplicate key value violates unique constraint "users_pkey"
DETAIL:  Key (id)=(13) already exists.

The above exception was the direct cause of the following exception:

Traceback (most recent call last):
  File "/Users/marioscordia/Desktop/fastapi-shop/backend/venv/lib/python3.14/site-packages/uvicorn/protocols/http/h11_impl.py", line 410, in run_asgi
    result = await app(  # type: ignore[func-returns-value]
             ^^^^^^^^^^^^^^^^^^^^^^^^^^^^^^^^^^^^^^^^^^^^^^
        self.scope, self.receive, self.send
        ^^^^^^^^^^^^^^^^^^^^^^^^^^^^^^^^^^^
    )
    ^
  File "/Users/marioscordia/Desktop/fastapi-shop/backend/venv/lib/python3.14/site-packages/uvicorn/middleware/proxy_headers.py", line 60, in __call__
    return await self.app(scope, receive, send)
           ^^^^^^^^^^^^^^^^^^^^^^^^^^^^^^^^^^^^
  File "/Users/marioscordia/Desktop/fastapi-shop/backend/venv/lib/python3.14/site-packages/fastapi/applications.py", line 1134, in __call__
    await super().__call__(scope, receive, send)
  File "/Users/marioscordia/Desktop/fastapi-shop/backend/venv/lib/python3.14/site-packages/starlette/applications.py", line 107, in __call__
    await self.middleware_stack(scope, receive, send)
  File "/Users/marioscordia/Desktop/fastapi-shop/backend/venv/lib/python3.14/site-packages/starlette/middleware/errors.py", line 186, in __call__
    raise exc
  File "/Users/marioscordia/Desktop/fastapi-shop/backend/venv/lib/python3.14/site-packages/starlette/middleware/errors.py", line 164, in __call__
    await self.app(scope, receive, _send)
  File "/Users/marioscordia/Desktop/fastapi-shop/backend/venv/lib/python3.14/site-packages/starlette/middleware/cors.py", line 87, in __call__
    await self.app(scope, receive, send)
  File "/Users/marioscordia/Desktop/fastapi-shop/backend/venv/lib/python3.14/site-packages/starlette/middleware/exceptions.py", line 63, in __call__
    await wrap_app_handling_exceptions(self.app, conn)(scope, receive, send)
  File "/Users/marioscordia/Desktop/fastapi-shop/backend/venv/lib/python3.14/site-packages/starlette/_exception_handler.py", line 53, in wrapped_app
    raise exc
  File "/Users/marioscordia/Desktop/fastapi-shop/backend/venv/lib/python3.14/site-packages/starlette/_exception_handler.py", line 42, in wrapped_app
    await app(scope, receive, sender)
  File "/Users/marioscordia/Desktop/fastapi-shop/backend/venv/lib/python3.14/site-packages/fastapi/middleware/asyncexitstack.py", line 18, in __call__
    await self.app(scope, receive, send)
  File "/Users/marioscordia/Desktop/fastapi-shop/backend/venv/lib/python3.14/site-packages/starlette/routing.py", line 716, in __call__
    await self.middleware_stack(scope, receive, send)
  File "/Users/marioscordia/Desktop/fastapi-shop/backend/venv/lib/python3.14/site-packages/starlette/routing.py", line 736, in app
    await route.handle(scope, receive, send)
  File "/Users/marioscordia/Desktop/fastapi-shop/backend/venv/lib/python3.14/site-packages/starlette/routing.py", line 290, in handle
    await self.app(scope, receive, send)
  File "/Users/marioscordia/Desktop/fastapi-shop/backend/venv/lib/python3.14/site-packages/fastapi/routing.py", line 119, in app
    await wrap_app_handling_exceptions(app, request)(scope, receive, send)
  File "/Users/marioscordia/Desktop/fastapi-shop/backend/venv/lib/python3.14/site-packages/starlette/_exception_handler.py", line 53, in wrapped_app
    raise exc
  File "/Users/marioscordia/Desktop/fastapi-shop/backend/venv/lib/python3.14/site-packages/starlette/_exception_handler.py", line 42, in wrapped_app
    await app(scope, receive, sender)
  File "/Users/marioscordia/Desktop/fastapi-shop/backend/venv/lib/python3.14/site-packages/fastapi/routing.py", line 105, in app
    response = await f(request)
               ^^^^^^^^^^^^^^^^
  File "/Users/marioscordia/Desktop/fastapi-shop/backend/venv/lib/python3.14/site-packages/fastapi/routing.py", line 424, in app
    raw_response = await run_endpoint_function(
                   ^^^^^^^^^^^^^^^^^^^^^^^^^^^^
    ...<3 lines>...
    )
    ^
  File "/Users/marioscordia/Desktop/fastapi-shop/backend/venv/lib/python3.14/site-packages/fastapi/routing.py", line 314, in run_endpoint_function
    return await run_in_threadpool(dependant.call, **values)
           ^^^^^^^^^^^^^^^^^^^^^^^^^^^^^^^^^^^^^^^^^^^^^^^^^
  File "/Users/marioscordia/Desktop/fastapi-shop/backend/venv/lib/python3.14/site-packages/starlette/concurrency.py", line 32, in run_in_threadpool
    return await anyio.to_thread.run_sync(func)
           ^^^^^^^^^^^^^^^^^^^^^^^^^^^^^^^^^^^^
  File "/Users/marioscordia/Desktop/fastapi-shop/backend/venv/lib/python3.14/site-packages/anyio/to_thread.py", line 63, in run_sync
    return await get_async_backend().run_sync_in_worker_thread(
           ^^^^^^^^^^^^^^^^^^^^^^^^^^^^^^^^^^^^^^^^^^^^^^^^^^^^
        func, args, abandon_on_cancel=abandon_on_cancel, limiter=limiter
        ^^^^^^^^^^^^^^^^^^^^^^^^^^^^^^^^^^^^^^^^^^^^^^^^^^^^^^^^^^^^^^^^
    )
    ^
  File "/Users/marioscordia/Desktop/fastapi-shop/backend/venv/lib/python3.14/site-packages/anyio/_backends/_asyncio.py", line 2502, in run_sync_in_worker_thread
    return await future
           ^^^^^^^^^^^^
  File "/Users/marioscordia/Desktop/fastapi-shop/backend/venv/lib/python3.14/site-packages/anyio/_backends/_asyncio.py", line 986, in run
    result = context.run(func, *args)
  File "/Users/marioscordia/Desktop/qualityassurance/app/presentation/api/routers/auth.py", line 15, in register
    return services.auth.register(payload)
           ~~~~~~~~~~~~~~~~~~~~~~^^^^^^^^^
  File "/Users/marioscordia/Desktop/qualityassurance/app/application/services.py", line 344, in register
    created = self.users.create(user)
  File "/Users/marioscordia/Desktop/qualityassurance/app/infrastructure/repositories/sqlalchemy.py", line 116, in create
    self.session.flush()
    ~~~~~~~~~~~~~~~~~~^^
  File "/Users/marioscordia/Desktop/fastapi-shop/backend/venv/lib/python3.14/site-packages/sqlalchemy/orm/session.py", line 4331, in flush
    self._flush(objects)
    ~~~~~~~~~~~^^^^^^^^^
  File "/Users/marioscordia/Desktop/fastapi-shop/backend/venv/lib/python3.14/site-packages/sqlalchemy/orm/session.py", line 4466, in _flush
    with util.safe_reraise():
         ~~~~~~~~~~~~~~~~~^^
  File "/Users/marioscordia/Desktop/fastapi-shop/backend/venv/lib/python3.14/site-packages/sqlalchemy/util/langhelpers.py", line 224, in __exit__
    raise exc_value.with_traceback(exc_tb)
  File "/Users/marioscordia/Desktop/fastapi-shop/backend/venv/lib/python3.14/site-packages/sqlalchemy/orm/session.py", line 4427, in _flush
    flush_context.execute()
    ~~~~~~~~~~~~~~~~~~~~~^^
  File "/Users/marioscordia/Desktop/fastapi-shop/backend/venv/lib/python3.14/site-packages/sqlalchemy/orm/unitofwork.py", line 466, in execute
    rec.execute(self)
    ~~~~~~~~~~~^^^^^^
  File "/Users/marioscordia/Desktop/fastapi-shop/backend/venv/lib/python3.14/site-packages/sqlalchemy/orm/unitofwork.py", line 642, in execute
    util.preloaded.orm_persistence.save_obj(
    ~~~~~~~~~~~~~~~~~~~~~~~~~~~~~~~~~~~~~~~^
        self.mapper,
        ^^^^^^^^^^^^
        uow.states_for_mapper_hierarchy(self.mapper, False, False),
        ^^^^^^^^^^^^^^^^^^^^^^^^^^^^^^^^^^^^^^^^^^^^^^^^^^^^^^^^^^^
        uow,
        ^^^^
    )
    ^
  File "/Users/marioscordia/Desktop/fastapi-shop/backend/venv/lib/python3.14/site-packages/sqlalchemy/orm/persistence.py", line 93, in save_obj
    _emit_insert_statements(
    ~~~~~~~~~~~~~~~~~~~~~~~^
        base_mapper,
        ^^^^^^^^^^^^
    ...<3 lines>...
        insert,
        ^^^^^^^
    )
    ^
  File "/Users/marioscordia/Desktop/fastapi-shop/backend/venv/lib/python3.14/site-packages/sqlalchemy/orm/persistence.py", line 1048, in _emit_insert_statements
    result = connection.execute(
        statement, multiparams, execution_options=execution_options
    )
  File "/Users/marioscordia/Desktop/fastapi-shop/backend/venv/lib/python3.14/site-packages/sqlalchemy/engine/base.py", line 1419, in execute
    return meth(
        self,
        distilled_parameters,
        execution_options or NO_OPTIONS,
    )
  File "/Users/marioscordia/Desktop/fastapi-shop/backend/venv/lib/python3.14/site-packages/sqlalchemy/sql/elements.py", line 527, in _execute_on_connection
    return connection._execute_clauseelement(
           ~~~~~~~~~~~~~~~~~~~~~~~~~~~~~~~~~^
        self, distilled_params, execution_options
        ^^^^^^^^^^^^^^^^^^^^^^^^^^^^^^^^^^^^^^^^^
    )
    ^
  File "/Users/marioscordia/Desktop/fastapi-shop/backend/venv/lib/python3.14/site-packages/sqlalchemy/engine/base.py", line 1641, in _execute_clauseelement
    ret = self._execute_context(
        dialect,
    ...<8 lines>...
        cache_hit=cache_hit,
    )
  File "/Users/marioscordia/Desktop/fastapi-shop/backend/venv/lib/python3.14/site-packages/sqlalchemy/engine/base.py", line 1846, in _execute_context
    return self._exec_single_context(
           ~~~~~~~~~~~~~~~~~~~~~~~~~^
        dialect, context, statement, parameters
        ^^^^^^^^^^^^^^^^^^^^^^^^^^^^^^^^^^^^^^^
    )
    ^
  File "/Users/marioscordia/Desktop/fastapi-shop/backend/venv/lib/python3.14/site-packages/sqlalchemy/engine/base.py", line 1986, in _exec_single_context
    self._handle_dbapi_exception(
    ~~~~~~~~~~~~~~~~~~~~~~~~~~~~^
        e, str_statement, effective_parameters, cursor, context
        ^^^^^^^^^^^^^^^^^^^^^^^^^^^^^^^^^^^^^^^^^^^^^^^^^^^^^^^
    )
    ^
  File "/Users/marioscordia/Desktop/fastapi-shop/backend/venv/lib/python3.14/site-packages/sqlalchemy/engine/base.py", line 2363, in _handle_dbapi_exception
    raise sqlalchemy_exception.with_traceback(exc_info[2]) from e
  File "/Users/marioscordia/Desktop/fastapi-shop/backend/venv/lib/python3.14/site-packages/sqlalchemy/engine/base.py", line 1967, in _exec_single_context
    self.dialect.do_execute(
    ~~~~~~~~~~~~~~~~~~~~~~~^
        cursor, str_statement, effective_parameters, context
        ^^^^^^^^^^^^^^^^^^^^^^^^^^^^^^^^^^^^^^^^^^^^^^^^^^^^
    )
    ^
  File "/Users/marioscordia/Desktop/fastapi-shop/backend/venv/lib/python3.14/site-packages/sqlalchemy/engine/default.py", line 952, in do_execute
    cursor.execute(statement, parameters)
    ~~~~~~~~~~~~~~^^^^^^^^^^^^^^^^^^^^^^^
  File "/Users/marioscordia/Desktop/fastapi-shop/backend/venv/lib/python3.14/site-packages/psycopg/cursor.py", line 117, in execute
    raise ex.with_traceback(None)
sqlalchemy.exc.IntegrityError: (psycopg.errors.UniqueViolation) duplicate key value violates unique constraint "users_pkey"
DETAIL:  Key (id)=(13) already exists.
[SQL: INSERT INTO users (id, email, full_name, password_hash, role, is_active, created_at) VALUES (%(id)s::INTEGER, %(email)s::VARCHAR, %(full_name)s::VARCHAR, %(password_hash)s::VARCHAR, %(role)s::VARCHAR, %(is_active)s, %(created_at)s::TIMESTAMP WITHOUT TIME ZONE)]
[parameters: {'id': 13, 'email': 'qa_17752305709991@test.novacart.local', 'full_name': 'QA Test User', 'password_hash': 'pbkdf2_sha256$4fd3dd2e40047ab26557623bf2a4b92f$o4TkYp7hHmJ7qhKZDVrB+tvqj/+8gxQdz/IprKtO7F8=', 'role': 'customer', 'is_active': True, 'created_at': datetime.datetime(2026, 4, 3, 15, 36, 11, 31473)}]
(Background on this error at: https://sqlalche.me/e/20/gkpj)
ERROR:    Exception in ASGI application
Traceback (most recent call last):
  File "/Users/marioscordia/Desktop/fastapi-shop/backend/venv/lib/python3.14/site-packages/sqlalchemy/engine/base.py", line 1967, in _exec_single_context
    self.dialect.do_execute(
    ~~~~~~~~~~~~~~~~~~~~~~~^
        cursor, str_statement, effective_parameters, context
        ^^^^^^^^^^^^^^^^^^^^^^^^^^^^^^^^^^^^^^^^^^^^^^^^^^^^
    )
    ^
  File "/Users/marioscordia/Desktop/fastapi-shop/backend/venv/lib/python3.14/site-packages/sqlalchemy/engine/default.py", line 952, in do_execute
    cursor.execute(statement, parameters)
    ~~~~~~~~~~~~~~^^^^^^^^^^^^^^^^^^^^^^^
  File "/Users/marioscordia/Desktop/fastapi-shop/backend/venv/lib/python3.14/site-packages/psycopg/cursor.py", line 117, in execute
    raise ex.with_traceback(None)
psycopg.errors.UniqueViolation: duplicate key value violates unique constraint "users_pkey"
DETAIL:  Key (id)=(16) already exists.

The above exception was the direct cause of the following exception:

Traceback (most recent call last):
  File "/Users/marioscordia/Desktop/fastapi-shop/backend/venv/lib/python3.14/site-packages/uvicorn/protocols/http/h11_impl.py", line 410, in run_asgi
    result = await app(  # type: ignore[func-returns-value]
             ^^^^^^^^^^^^^^^^^^^^^^^^^^^^^^^^^^^^^^^^^^^^^^
        self.scope, self.receive, self.send
        ^^^^^^^^^^^^^^^^^^^^^^^^^^^^^^^^^^^
    )
    ^
  File "/Users/marioscordia/Desktop/fastapi-shop/backend/venv/lib/python3.14/site-packages/uvicorn/middleware/proxy_headers.py", line 60, in __call__
    return await self.app(scope, receive, send)
           ^^^^^^^^^^^^^^^^^^^^^^^^^^^^^^^^^^^^
  File "/Users/marioscordia/Desktop/fastapi-shop/backend/venv/lib/python3.14/site-packages/fastapi/applications.py", line 1134, in __call__
    await super().__call__(scope, receive, send)
  File "/Users/marioscordia/Desktop/fastapi-shop/backend/venv/lib/python3.14/site-packages/starlette/applications.py", line 107, in __call__
    await self.middleware_stack(scope, receive, send)
  File "/Users/marioscordia/Desktop/fastapi-shop/backend/venv/lib/python3.14/site-packages/starlette/middleware/errors.py", line 186, in __call__
    raise exc
  File "/Users/marioscordia/Desktop/fastapi-shop/backend/venv/lib/python3.14/site-packages/starlette/middleware/errors.py", line 164, in __call__
    await self.app(scope, receive, _send)
  File "/Users/marioscordia/Desktop/fastapi-shop/backend/venv/lib/python3.14/site-packages/starlette/middleware/cors.py", line 87, in __call__
    await self.app(scope, receive, send)
  File "/Users/marioscordia/Desktop/fastapi-shop/backend/venv/lib/python3.14/site-packages/starlette/middleware/exceptions.py", line 63, in __call__
    await wrap_app_handling_exceptions(self.app, conn)(scope, receive, send)
  File "/Users/marioscordia/Desktop/fastapi-shop/backend/venv/lib/python3.14/site-packages/starlette/_exception_handler.py", line 53, in wrapped_app
    raise exc
  File "/Users/marioscordia/Desktop/fastapi-shop/backend/venv/lib/python3.14/site-packages/starlette/_exception_handler.py", line 42, in wrapped_app
    await app(scope, receive, sender)
  File "/Users/marioscordia/Desktop/fastapi-shop/backend/venv/lib/python3.14/site-packages/fastapi/middleware/asyncexitstack.py", line 18, in __call__
    await self.app(scope, receive, send)
  File "/Users/marioscordia/Desktop/fastapi-shop/backend/venv/lib/python3.14/site-packages/starlette/routing.py", line 716, in __call__
    await self.middleware_stack(scope, receive, send)
  File "/Users/marioscordia/Desktop/fastapi-shop/backend/venv/lib/python3.14/site-packages/starlette/routing.py", line 736, in app
    await route.handle(scope, receive, send)
  File "/Users/marioscordia/Desktop/fastapi-shop/backend/venv/lib/python3.14/site-packages/starlette/routing.py", line 290, in handle
    await self.app(scope, receive, send)
  File "/Users/marioscordia/Desktop/fastapi-shop/backend/venv/lib/python3.14/site-packages/fastapi/routing.py", line 119, in app
    await wrap_app_handling_exceptions(app, request)(scope, receive, send)
  File "/Users/marioscordia/Desktop/fastapi-shop/backend/venv/lib/python3.14/site-packages/starlette/_exception_handler.py", line 53, in wrapped_app
    raise exc
  File "/Users/marioscordia/Desktop/fastapi-shop/backend/venv/lib/python3.14/site-packages/starlette/_exception_handler.py", line 42, in wrapped_app
    await app(scope, receive, sender)
  File "/Users/marioscordia/Desktop/fastapi-shop/backend/venv/lib/python3.14/site-packages/fastapi/routing.py", line 105, in app
    response = await f(request)
               ^^^^^^^^^^^^^^^^
  File "/Users/marioscordia/Desktop/fastapi-shop/backend/venv/lib/python3.14/site-packages/fastapi/routing.py", line 424, in app
    raw_response = await run_endpoint_function(
                   ^^^^^^^^^^^^^^^^^^^^^^^^^^^^
    ...<3 lines>...
    )
    ^
  File "/Users/marioscordia/Desktop/fastapi-shop/backend/venv/lib/python3.14/site-packages/fastapi/routing.py", line 314, in run_endpoint_function
    return await run_in_threadpool(dependant.call, **values)
           ^^^^^^^^^^^^^^^^^^^^^^^^^^^^^^^^^^^^^^^^^^^^^^^^^
  File "/Users/marioscordia/Desktop/fastapi-shop/backend/venv/lib/python3.14/site-packages/starlette/concurrency.py", line 32, in run_in_threadpool
    return await anyio.to_thread.run_sync(func)
           ^^^^^^^^^^^^^^^^^^^^^^^^^^^^^^^^^^^^
  File "/Users/marioscordia/Desktop/fastapi-shop/backend/venv/lib/python3.14/site-packages/anyio/to_thread.py", line 63, in run_sync
    return await get_async_backend().run_sync_in_worker_thread(
           ^^^^^^^^^^^^^^^^^^^^^^^^^^^^^^^^^^^^^^^^^^^^^^^^^^^^
        func, args, abandon_on_cancel=abandon_on_cancel, limiter=limiter
        ^^^^^^^^^^^^^^^^^^^^^^^^^^^^^^^^^^^^^^^^^^^^^^^^^^^^^^^^^^^^^^^^
    )
    ^
  File "/Users/marioscordia/Desktop/fastapi-shop/backend/venv/lib/python3.14/site-packages/anyio/_backends/_asyncio.py", line 2502, in run_sync_in_worker_thread
    return await future
           ^^^^^^^^^^^^
  File "/Users/marioscordia/Desktop/fastapi-shop/backend/venv/lib/python3.14/site-packages/anyio/_backends/_asyncio.py", line 986, in run
    result = context.run(func, *args)
  File "/Users/marioscordia/Desktop/qualityassurance/app/presentation/api/routers/auth.py", line 15, in register
    return services.auth.register(payload)
           ~~~~~~~~~~~~~~~~~~~~~~^^^^^^^^^
  File "/Users/marioscordia/Desktop/qualityassurance/app/application/services.py", line 344, in register
    created = self.users.create(user)
  File "/Users/marioscordia/Desktop/qualityassurance/app/infrastructure/repositories/sqlalchemy.py", line 116, in create
    self.session.flush()
    ~~~~~~~~~~~~~~~~~~^^
  File "/Users/marioscordia/Desktop/fastapi-shop/backend/venv/lib/python3.14/site-packages/sqlalchemy/orm/session.py", line 4331, in flush
    self._flush(objects)
    ~~~~~~~~~~~^^^^^^^^^
  File "/Users/marioscordia/Desktop/fastapi-shop/backend/venv/lib/python3.14/site-packages/sqlalchemy/orm/session.py", line 4466, in _flush
    with util.safe_reraise():
         ~~~~~~~~~~~~~~~~~^^
  File "/Users/marioscordia/Desktop/fastapi-shop/backend/venv/lib/python3.14/site-packages/sqlalchemy/util/langhelpers.py", line 224, in __exit__
    raise exc_value.with_traceback(exc_tb)
  File "/Users/marioscordia/Desktop/fastapi-shop/backend/venv/lib/python3.14/site-packages/sqlalchemy/orm/session.py", line 4427, in _flush
    flush_context.execute()
    ~~~~~~~~~~~~~~~~~~~~~^^
  File "/Users/marioscordia/Desktop/fastapi-shop/backend/venv/lib/python3.14/site-packages/sqlalchemy/orm/unitofwork.py", line 466, in execute
    rec.execute(self)
    ~~~~~~~~~~~^^^^^^
  File "/Users/marioscordia/Desktop/fastapi-shop/backend/venv/lib/python3.14/site-packages/sqlalchemy/orm/unitofwork.py", line 642, in execute
    util.preloaded.orm_persistence.save_obj(
    ~~~~~~~~~~~~~~~~~~~~~~~~~~~~~~~~~~~~~~~^
        self.mapper,
        ^^^^^^^^^^^^
        uow.states_for_mapper_hierarchy(self.mapper, False, False),
        ^^^^^^^^^^^^^^^^^^^^^^^^^^^^^^^^^^^^^^^^^^^^^^^^^^^^^^^^^^^
        uow,
        ^^^^
    )
    ^
  File "/Users/marioscordia/Desktop/fastapi-shop/backend/venv/lib/python3.14/site-packages/sqlalchemy/orm/persistence.py", line 93, in save_obj
    _emit_insert_statements(
    ~~~~~~~~~~~~~~~~~~~~~~~^
        base_mapper,
        ^^^^^^^^^^^^
    ...<3 lines>...
        insert,
        ^^^^^^^
    )
    ^
  File "/Users/marioscordia/Desktop/fastapi-shop/backend/venv/lib/python3.14/site-packages/sqlalchemy/orm/persistence.py", line 1048, in _emit_insert_statements
    result = connection.execute(
        statement, multiparams, execution_options=execution_options
    )
  File "/Users/marioscordia/Desktop/fastapi-shop/backend/venv/lib/python3.14/site-packages/sqlalchemy/engine/base.py", line 1419, in execute
    return meth(
        self,
        distilled_parameters,
        execution_options or NO_OPTIONS,
    )
  File "/Users/marioscordia/Desktop/fastapi-shop/backend/venv/lib/python3.14/site-packages/sqlalchemy/sql/elements.py", line 527, in _execute_on_connection
    return connection._execute_clauseelement(
           ~~~~~~~~~~~~~~~~~~~~~~~~~~~~~~~~~^
        self, distilled_params, execution_options
        ^^^^^^^^^^^^^^^^^^^^^^^^^^^^^^^^^^^^^^^^^
    )
    ^
  File "/Users/marioscordia/Desktop/fastapi-shop/backend/venv/lib/python3.14/site-packages/sqlalchemy/engine/base.py", line 1641, in _execute_clauseelement
    ret = self._execute_context(
        dialect,
    ...<8 lines>...
        cache_hit=cache_hit,
    )
  File "/Users/marioscordia/Desktop/fastapi-shop/backend/venv/lib/python3.14/site-packages/sqlalchemy/engine/base.py", line 1846, in _execute_context
    return self._exec_single_context(
           ~~~~~~~~~~~~~~~~~~~~~~~~~^
        dialect, context, statement, parameters
        ^^^^^^^^^^^^^^^^^^^^^^^^^^^^^^^^^^^^^^^
    )
    ^
  File "/Users/marioscordia/Desktop/fastapi-shop/backend/venv/lib/python3.14/site-packages/sqlalchemy/engine/base.py", line 1986, in _exec_single_context
    self._handle_dbapi_exception(
    ~~~~~~~~~~~~~~~~~~~~~~~~~~~~^
        e, str_statement, effective_parameters, cursor, context
        ^^^^^^^^^^^^^^^^^^^^^^^^^^^^^^^^^^^^^^^^^^^^^^^^^^^^^^^
    )
    ^
  File "/Users/marioscordia/Desktop/fastapi-shop/backend/venv/lib/python3.14/site-packages/sqlalchemy/engine/base.py", line 2363, in _handle_dbapi_exception
    raise sqlalchemy_exception.with_traceback(exc_info[2]) from e
  File "/Users/marioscordia/Desktop/fastapi-shop/backend/venv/lib/python3.14/site-packages/sqlalchemy/engine/base.py", line 1967, in _exec_single_context
    self.dialect.do_execute(
    ~~~~~~~~~~~~~~~~~~~~~~~^
        cursor, str_statement, effective_parameters, context
        ^^^^^^^^^^^^^^^^^^^^^^^^^^^^^^^^^^^^^^^^^^^^^^^^^^^^
    )
    ^
  File "/Users/marioscordia/Desktop/fastapi-shop/backend/venv/lib/python3.14/site-packages/sqlalchemy/engine/default.py", line 952, in do_execute
    cursor.execute(statement, parameters)
    ~~~~~~~~~~~~~~^^^^^^^^^^^^^^^^^^^^^^^
  File "/Users/marioscordia/Desktop/fastapi-shop/backend/venv/lib/python3.14/site-packages/psycopg/cursor.py", line 117, in execute
    raise ex.with_traceback(None)
sqlalchemy.exc.IntegrityError: (psycopg.errors.UniqueViolation) duplicate key value violates unique constraint "users_pkey"
DETAIL:  Key (id)=(16) already exists.
[SQL: INSERT INTO users (id, email, full_name, password_hash, role, is_active, created_at) VALUES (%(id)s::INTEGER, %(email)s::VARCHAR, %(full_name)s::VARCHAR, %(password_hash)s::VARCHAR, %(role)s::VARCHAR, %(is_active)s, %(created_at)s::TIMESTAMP WITHOUT TIME ZONE)]
[parameters: {'id': 16, 'email': 'qa_17752305712022@test.novacart.local', 'full_name': 'QA Test User', 'password_hash': 'pbkdf2_sha256$b13370eb72a809f8f63d12f152bbf686$fBVA6BB4SKvKtdzspcQVw0q6XQWsA/j1CG03xMm4xLQ=', 'role': 'customer', 'is_active': True, 'created_at': datetime.datetime(2026, 4, 3, 15, 36, 11, 220350)}]
(Background on this error at: https://sqlalche.me/e/20/gkpj)
ERROR:    Exception in ASGI application
Traceback (most recent call last):
  File "/Users/marioscordia/Desktop/fastapi-shop/backend/venv/lib/python3.14/site-packages/sqlalchemy/engine/base.py", line 1967, in _exec_single_context
    self.dialect.do_execute(
    ~~~~~~~~~~~~~~~~~~~~~~~^
        cursor, str_statement, effective_parameters, context
        ^^^^^^^^^^^^^^^^^^^^^^^^^^^^^^^^^^^^^^^^^^^^^^^^^^^^
    )
    ^
  File "/Users/marioscordia/Desktop/fastapi-shop/backend/venv/lib/python3.14/site-packages/sqlalchemy/engine/default.py", line 952, in do_execute
    cursor.execute(statement, parameters)
    ~~~~~~~~~~~~~~^^^^^^^^^^^^^^^^^^^^^^^
  File "/Users/marioscordia/Desktop/fastapi-shop/backend/venv/lib/python3.14/site-packages/psycopg/cursor.py", line 117, in execute
    raise ex.with_traceback(None)
psycopg.errors.UniqueViolation: duplicate key value violates unique constraint "users_pkey"
DETAIL:  Key (id)=(19) already exists.

The above exception was the direct cause of the following exception:

Traceback (most recent call last):
  File "/Users/marioscordia/Desktop/fastapi-shop/backend/venv/lib/python3.14/site-packages/uvicorn/protocols/http/h11_impl.py", line 410, in run_asgi
    result = await app(  # type: ignore[func-returns-value]
             ^^^^^^^^^^^^^^^^^^^^^^^^^^^^^^^^^^^^^^^^^^^^^^
        self.scope, self.receive, self.send
        ^^^^^^^^^^^^^^^^^^^^^^^^^^^^^^^^^^^
    )
    ^
  File "/Users/marioscordia/Desktop/fastapi-shop/backend/venv/lib/python3.14/site-packages/uvicorn/middleware/proxy_headers.py", line 60, in __call__
    return await self.app(scope, receive, send)
           ^^^^^^^^^^^^^^^^^^^^^^^^^^^^^^^^^^^^
  File "/Users/marioscordia/Desktop/fastapi-shop/backend/venv/lib/python3.14/site-packages/fastapi/applications.py", line 1134, in __call__
    await super().__call__(scope, receive, send)
  File "/Users/marioscordia/Desktop/fastapi-shop/backend/venv/lib/python3.14/site-packages/starlette/applications.py", line 107, in __call__
    await self.middleware_stack(scope, receive, send)
  File "/Users/marioscordia/Desktop/fastapi-shop/backend/venv/lib/python3.14/site-packages/starlette/middleware/errors.py", line 186, in __call__
    raise exc
  File "/Users/marioscordia/Desktop/fastapi-shop/backend/venv/lib/python3.14/site-packages/starlette/middleware/errors.py", line 164, in __call__
    await self.app(scope, receive, _send)
  File "/Users/marioscordia/Desktop/fastapi-shop/backend/venv/lib/python3.14/site-packages/starlette/middleware/cors.py", line 87, in __call__
    await self.app(scope, receive, send)
  File "/Users/marioscordia/Desktop/fastapi-shop/backend/venv/lib/python3.14/site-packages/starlette/middleware/exceptions.py", line 63, in __call__
    await wrap_app_handling_exceptions(self.app, conn)(scope, receive, send)
  File "/Users/marioscordia/Desktop/fastapi-shop/backend/venv/lib/python3.14/site-packages/starlette/_exception_handler.py", line 53, in wrapped_app
    raise exc
  File "/Users/marioscordia/Desktop/fastapi-shop/backend/venv/lib/python3.14/site-packages/starlette/_exception_handler.py", line 42, in wrapped_app
    await app(scope, receive, sender)
  File "/Users/marioscordia/Desktop/fastapi-shop/backend/venv/lib/python3.14/site-packages/fastapi/middleware/asyncexitstack.py", line 18, in __call__
    await self.app(scope, receive, send)
  File "/Users/marioscordia/Desktop/fastapi-shop/backend/venv/lib/python3.14/site-packages/starlette/routing.py", line 716, in __call__
    await self.middleware_stack(scope, receive, send)
  File "/Users/marioscordia/Desktop/fastapi-shop/backend/venv/lib/python3.14/site-packages/starlette/routing.py", line 736, in app
    await route.handle(scope, receive, send)
  File "/Users/marioscordia/Desktop/fastapi-shop/backend/venv/lib/python3.14/site-packages/starlette/routing.py", line 290, in handle
    await self.app(scope, receive, send)
  File "/Users/marioscordia/Desktop/fastapi-shop/backend/venv/lib/python3.14/site-packages/fastapi/routing.py", line 119, in app
    await wrap_app_handling_exceptions(app, request)(scope, receive, send)
  File "/Users/marioscordia/Desktop/fastapi-shop/backend/venv/lib/python3.14/site-packages/starlette/_exception_handler.py", line 53, in wrapped_app
    raise exc
  File "/Users/marioscordia/Desktop/fastapi-shop/backend/venv/lib/python3.14/site-packages/starlette/_exception_handler.py", line 42, in wrapped_app
    await app(scope, receive, sender)
  File "/Users/marioscordia/Desktop/fastapi-shop/backend/venv/lib/python3.14/site-packages/fastapi/routing.py", line 105, in app
    response = await f(request)
               ^^^^^^^^^^^^^^^^
  File "/Users/marioscordia/Desktop/fastapi-shop/backend/venv/lib/python3.14/site-packages/fastapi/routing.py", line 424, in app
    raw_response = await run_endpoint_function(
                   ^^^^^^^^^^^^^^^^^^^^^^^^^^^^
    ...<3 lines>...
    )
    ^
  File "/Users/marioscordia/Desktop/fastapi-shop/backend/venv/lib/python3.14/site-packages/fastapi/routing.py", line 314, in run_endpoint_function
    return await run_in_threadpool(dependant.call, **values)
           ^^^^^^^^^^^^^^^^^^^^^^^^^^^^^^^^^^^^^^^^^^^^^^^^^
  File "/Users/marioscordia/Desktop/fastapi-shop/backend/venv/lib/python3.14/site-packages/starlette/concurrency.py", line 32, in run_in_threadpool
    return await anyio.to_thread.run_sync(func)
           ^^^^^^^^^^^^^^^^^^^^^^^^^^^^^^^^^^^^
  File "/Users/marioscordia/Desktop/fastapi-shop/backend/venv/lib/python3.14/site-packages/anyio/to_thread.py", line 63, in run_sync
    return await get_async_backend().run_sync_in_worker_thread(
           ^^^^^^^^^^^^^^^^^^^^^^^^^^^^^^^^^^^^^^^^^^^^^^^^^^^^
        func, args, abandon_on_cancel=abandon_on_cancel, limiter=limiter
        ^^^^^^^^^^^^^^^^^^^^^^^^^^^^^^^^^^^^^^^^^^^^^^^^^^^^^^^^^^^^^^^^
    )
    ^
  File "/Users/marioscordia/Desktop/fastapi-shop/backend/venv/lib/python3.14/site-packages/anyio/_backends/_asyncio.py", line 2502, in run_sync_in_worker_thread
    return await future
           ^^^^^^^^^^^^
  File "/Users/marioscordia/Desktop/fastapi-shop/backend/venv/lib/python3.14/site-packages/anyio/_backends/_asyncio.py", line 986, in run
    result = context.run(func, *args)
  File "/Users/marioscordia/Desktop/qualityassurance/app/presentation/api/routers/auth.py", line 15, in register
    return services.auth.register(payload)
           ~~~~~~~~~~~~~~~~~~~~~~^^^^^^^^^
  File "/Users/marioscordia/Desktop/qualityassurance/app/application/services.py", line 344, in register
    created = self.users.create(user)
  File "/Users/marioscordia/Desktop/qualityassurance/app/infrastructure/repositories/sqlalchemy.py", line 116, in create
    self.session.flush()
    ~~~~~~~~~~~~~~~~~~^^
  File "/Users/marioscordia/Desktop/fastapi-shop/backend/venv/lib/python3.14/site-packages/sqlalchemy/orm/session.py", line 4331, in flush
    self._flush(objects)
    ~~~~~~~~~~~^^^^^^^^^
  File "/Users/marioscordia/Desktop/fastapi-shop/backend/venv/lib/python3.14/site-packages/sqlalchemy/orm/session.py", line 4466, in _flush
    with util.safe_reraise():
         ~~~~~~~~~~~~~~~~~^^
  File "/Users/marioscordia/Desktop/fastapi-shop/backend/venv/lib/python3.14/site-packages/sqlalchemy/util/langhelpers.py", line 224, in __exit__
    raise exc_value.with_traceback(exc_tb)
  File "/Users/marioscordia/Desktop/fastapi-shop/backend/venv/lib/python3.14/site-packages/sqlalchemy/orm/session.py", line 4427, in _flush
    flush_context.execute()
    ~~~~~~~~~~~~~~~~~~~~~^^
  File "/Users/marioscordia/Desktop/fastapi-shop/backend/venv/lib/python3.14/site-packages/sqlalchemy/orm/unitofwork.py", line 466, in execute
    rec.execute(self)
    ~~~~~~~~~~~^^^^^^
  File "/Users/marioscordia/Desktop/fastapi-shop/backend/venv/lib/python3.14/site-packages/sqlalchemy/orm/unitofwork.py", line 642, in execute
    util.preloaded.orm_persistence.save_obj(
    ~~~~~~~~~~~~~~~~~~~~~~~~~~~~~~~~~~~~~~~^
        self.mapper,
        ^^^^^^^^^^^^
        uow.states_for_mapper_hierarchy(self.mapper, False, False),
        ^^^^^^^^^^^^^^^^^^^^^^^^^^^^^^^^^^^^^^^^^^^^^^^^^^^^^^^^^^^
        uow,
        ^^^^
    )
    ^
  File "/Users/marioscordia/Desktop/fastapi-shop/backend/venv/lib/python3.14/site-packages/sqlalchemy/orm/persistence.py", line 93, in save_obj
    _emit_insert_statements(
    ~~~~~~~~~~~~~~~~~~~~~~~^
        base_mapper,
        ^^^^^^^^^^^^
    ...<3 lines>...
        insert,
        ^^^^^^^
    )
    ^
  File "/Users/marioscordia/Desktop/fastapi-shop/backend/venv/lib/python3.14/site-packages/sqlalchemy/orm/persistence.py", line 1048, in _emit_insert_statements
    result = connection.execute(
        statement, multiparams, execution_options=execution_options
    )
  File "/Users/marioscordia/Desktop/fastapi-shop/backend/venv/lib/python3.14/site-packages/sqlalchemy/engine/base.py", line 1419, in execute
    return meth(
        self,
        distilled_parameters,
        execution_options or NO_OPTIONS,
    )
  File "/Users/marioscordia/Desktop/fastapi-shop/backend/venv/lib/python3.14/site-packages/sqlalchemy/sql/elements.py", line 527, in _execute_on_connection
    return connection._execute_clauseelement(
           ~~~~~~~~~~~~~~~~~~~~~~~~~~~~~~~~~^
        self, distilled_params, execution_options
        ^^^^^^^^^^^^^^^^^^^^^^^^^^^^^^^^^^^^^^^^^
    )
    ^
  File "/Users/marioscordia/Desktop/fastapi-shop/backend/venv/lib/python3.14/site-packages/sqlalchemy/engine/base.py", line 1641, in _execute_clauseelement
    ret = self._execute_context(
        dialect,
    ...<8 lines>...
        cache_hit=cache_hit,
    )
  File "/Users/marioscordia/Desktop/fastapi-shop/backend/venv/lib/python3.14/site-packages/sqlalchemy/engine/base.py", line 1846, in _execute_context
    return self._exec_single_context(
           ~~~~~~~~~~~~~~~~~~~~~~~~~^
        dialect, context, statement, parameters
        ^^^^^^^^^^^^^^^^^^^^^^^^^^^^^^^^^^^^^^^
    )
    ^
  File "/Users/marioscordia/Desktop/fastapi-shop/backend/venv/lib/python3.14/site-packages/sqlalchemy/engine/base.py", line 1986, in _exec_single_context
    self._handle_dbapi_exception(
    ~~~~~~~~~~~~~~~~~~~~~~~~~~~~^
        e, str_statement, effective_parameters, cursor, context
        ^^^^^^^^^^^^^^^^^^^^^^^^^^^^^^^^^^^^^^^^^^^^^^^^^^^^^^^
    )
    ^
  File "/Users/marioscordia/Desktop/fastapi-shop/backend/venv/lib/python3.14/site-packages/sqlalchemy/engine/base.py", line 2363, in _handle_dbapi_exception
    raise sqlalchemy_exception.with_traceback(exc_info[2]) from e
  File "/Users/marioscordia/Desktop/fastapi-shop/backend/venv/lib/python3.14/site-packages/sqlalchemy/engine/base.py", line 1967, in _exec_single_context
    self.dialect.do_execute(
    ~~~~~~~~~~~~~~~~~~~~~~~^
        cursor, str_statement, effective_parameters, context
        ^^^^^^^^^^^^^^^^^^^^^^^^^^^^^^^^^^^^^^^^^^^^^^^^^^^^
    )
    ^
  File "/Users/marioscordia/Desktop/fastapi-shop/backend/venv/lib/python3.14/site-packages/sqlalchemy/engine/default.py", line 952, in do_execute
    cursor.execute(statement, parameters)
    ~~~~~~~~~~~~~~^^^^^^^^^^^^^^^^^^^^^^^
  File "/Users/marioscordia/Desktop/fastapi-shop/backend/venv/lib/python3.14/site-packages/psycopg/cursor.py", line 117, in execute
    raise ex.with_traceback(None)
sqlalchemy.exc.IntegrityError: (psycopg.errors.UniqueViolation) duplicate key value violates unique constraint "users_pkey"
DETAIL:  Key (id)=(19) already exists.
[SQL: INSERT INTO users (id, email, full_name, password_hash, role, is_active, created_at) VALUES (%(id)s::INTEGER, %(email)s::VARCHAR, %(full_name)s::VARCHAR, %(password_hash)s::VARCHAR, %(role)s::VARCHAR, %(is_active)s, %(created_at)s::TIMESTAMP WITHOUT TIME ZONE)]
[parameters: {'id': 19, 'email': 'qa_17752305713721@test.novacart.local', 'full_name': 'QA Test User', 'password_hash': 'pbkdf2_sha256$e9286233e2af3d9f9207ee23a963ec9a$lWAXYUPxiNybYQAQMK9h+qosVJlEB7tcz0vfqUQFuQQ=', 'role': 'customer', 'is_active': True, 'created_at': datetime.datetime(2026, 4, 3, 15, 36, 11, 392830)}]
(Background on this error at: https://sqlalche.me/e/20/gkpj)
ERROR:    Exception in ASGI application
Traceback (most recent call last):
  File "/Users/marioscordia/Desktop/fastapi-shop/backend/venv/lib/python3.14/site-packages/sqlalchemy/engine/base.py", line 1967, in _exec_single_context
    self.dialect.do_execute(
    ~~~~~~~~~~~~~~~~~~~~~~~^
        cursor, str_statement, effective_parameters, context
        ^^^^^^^^^^^^^^^^^^^^^^^^^^^^^^^^^^^^^^^^^^^^^^^^^^^^
    )
    ^
  File "/Users/marioscordia/Desktop/fastapi-shop/backend/venv/lib/python3.14/site-packages/sqlalchemy/engine/default.py", line 952, in do_execute
    cursor.execute(statement, parameters)
    ~~~~~~~~~~~~~~^^^^^^^^^^^^^^^^^^^^^^^
  File "/Users/marioscordia/Desktop/fastapi-shop/backend/venv/lib/python3.14/site-packages/psycopg/cursor.py", line 117, in execute
    raise ex.with_traceback(None)
psycopg.errors.UniqueViolation: duplicate key value violates unique constraint "users_pkey"
DETAIL:  Key (id)=(21) already exists.

The above exception was the direct cause of the following exception:

Traceback (most recent call last):
  File "/Users/marioscordia/Desktop/fastapi-shop/backend/venv/lib/python3.14/site-packages/uvicorn/protocols/http/h11_impl.py", line 410, in run_asgi
    result = await app(  # type: ignore[func-returns-value]
             ^^^^^^^^^^^^^^^^^^^^^^^^^^^^^^^^^^^^^^^^^^^^^^
        self.scope, self.receive, self.send
        ^^^^^^^^^^^^^^^^^^^^^^^^^^^^^^^^^^^
    )
    ^
  File "/Users/marioscordia/Desktop/fastapi-shop/backend/venv/lib/python3.14/site-packages/uvicorn/middleware/proxy_headers.py", line 60, in __call__
    return await self.app(scope, receive, send)
           ^^^^^^^^^^^^^^^^^^^^^^^^^^^^^^^^^^^^
  File "/Users/marioscordia/Desktop/fastapi-shop/backend/venv/lib/python3.14/site-packages/fastapi/applications.py", line 1134, in __call__
    await super().__call__(scope, receive, send)
  File "/Users/marioscordia/Desktop/fastapi-shop/backend/venv/lib/python3.14/site-packages/starlette/applications.py", line 107, in __call__
    await self.middleware_stack(scope, receive, send)
  File "/Users/marioscordia/Desktop/fastapi-shop/backend/venv/lib/python3.14/site-packages/starlette/middleware/errors.py", line 186, in __call__
    raise exc
  File "/Users/marioscordia/Desktop/fastapi-shop/backend/venv/lib/python3.14/site-packages/starlette/middleware/errors.py", line 164, in __call__
    await self.app(scope, receive, _send)
  File "/Users/marioscordia/Desktop/fastapi-shop/backend/venv/lib/python3.14/site-packages/starlette/middleware/cors.py", line 87, in __call__
    await self.app(scope, receive, send)
  File "/Users/marioscordia/Desktop/fastapi-shop/backend/venv/lib/python3.14/site-packages/starlette/middleware/exceptions.py", line 63, in __call__
    await wrap_app_handling_exceptions(self.app, conn)(scope, receive, send)
  File "/Users/marioscordia/Desktop/fastapi-shop/backend/venv/lib/python3.14/site-packages/starlette/_exception_handler.py", line 53, in wrapped_app
    raise exc
  File "/Users/marioscordia/Desktop/fastapi-shop/backend/venv/lib/python3.14/site-packages/starlette/_exception_handler.py", line 42, in wrapped_app
    await app(scope, receive, sender)
  File "/Users/marioscordia/Desktop/fastapi-shop/backend/venv/lib/python3.14/site-packages/fastapi/middleware/asyncexitstack.py", line 18, in __call__
    await self.app(scope, receive, send)
  File "/Users/marioscordia/Desktop/fastapi-shop/backend/venv/lib/python3.14/site-packages/starlette/routing.py", line 716, in __call__
    await self.middleware_stack(scope, receive, send)
  File "/Users/marioscordia/Desktop/fastapi-shop/backend/venv/lib/python3.14/site-packages/starlette/routing.py", line 736, in app
    await route.handle(scope, receive, send)
  File "/Users/marioscordia/Desktop/fastapi-shop/backend/venv/lib/python3.14/site-packages/starlette/routing.py", line 290, in handle
    await self.app(scope, receive, send)
  File "/Users/marioscordia/Desktop/fastapi-shop/backend/venv/lib/python3.14/site-packages/fastapi/routing.py", line 119, in app
    await wrap_app_handling_exceptions(app, request)(scope, receive, send)
  File "/Users/marioscordia/Desktop/fastapi-shop/backend/venv/lib/python3.14/site-packages/starlette/_exception_handler.py", line 53, in wrapped_app
    raise exc
  File "/Users/marioscordia/Desktop/fastapi-shop/backend/venv/lib/python3.14/site-packages/starlette/_exception_handler.py", line 42, in wrapped_app
    await app(scope, receive, sender)
  File "/Users/marioscordia/Desktop/fastapi-shop/backend/venv/lib/python3.14/site-packages/fastapi/routing.py", line 105, in app
    response = await f(request)
               ^^^^^^^^^^^^^^^^
  File "/Users/marioscordia/Desktop/fastapi-shop/backend/venv/lib/python3.14/site-packages/fastapi/routing.py", line 424, in app
    raw_response = await run_endpoint_function(
                   ^^^^^^^^^^^^^^^^^^^^^^^^^^^^
    ...<3 lines>...
    )
    ^
  File "/Users/marioscordia/Desktop/fastapi-shop/backend/venv/lib/python3.14/site-packages/fastapi/routing.py", line 314, in run_endpoint_function
    return await run_in_threadpool(dependant.call, **values)
           ^^^^^^^^^^^^^^^^^^^^^^^^^^^^^^^^^^^^^^^^^^^^^^^^^
  File "/Users/marioscordia/Desktop/fastapi-shop/backend/venv/lib/python3.14/site-packages/starlette/concurrency.py", line 32, in run_in_threadpool
    return await anyio.to_thread.run_sync(func)
           ^^^^^^^^^^^^^^^^^^^^^^^^^^^^^^^^^^^^
  File "/Users/marioscordia/Desktop/fastapi-shop/backend/venv/lib/python3.14/site-packages/anyio/to_thread.py", line 63, in run_sync
    return await get_async_backend().run_sync_in_worker_thread(
           ^^^^^^^^^^^^^^^^^^^^^^^^^^^^^^^^^^^^^^^^^^^^^^^^^^^^
        func, args, abandon_on_cancel=abandon_on_cancel, limiter=limiter
        ^^^^^^^^^^^^^^^^^^^^^^^^^^^^^^^^^^^^^^^^^^^^^^^^^^^^^^^^^^^^^^^^
    )
    ^
  File "/Users/marioscordia/Desktop/fastapi-shop/backend/venv/lib/python3.14/site-packages/anyio/_backends/_asyncio.py", line 2502, in run_sync_in_worker_thread
    return await future
           ^^^^^^^^^^^^
  File "/Users/marioscordia/Desktop/fastapi-shop/backend/venv/lib/python3.14/site-packages/anyio/_backends/_asyncio.py", line 986, in run
    result = context.run(func, *args)
  File "/Users/marioscordia/Desktop/qualityassurance/app/presentation/api/routers/auth.py", line 15, in register
    return services.auth.register(payload)
           ~~~~~~~~~~~~~~~~~~~~~~^^^^^^^^^
  File "/Users/marioscordia/Desktop/qualityassurance/app/application/services.py", line 344, in register
    created = self.users.create(user)
  File "/Users/marioscordia/Desktop/qualityassurance/app/infrastructure/repositories/sqlalchemy.py", line 116, in create
    self.session.flush()
    ~~~~~~~~~~~~~~~~~~^^
  File "/Users/marioscordia/Desktop/fastapi-shop/backend/venv/lib/python3.14/site-packages/sqlalchemy/orm/session.py", line 4331, in flush
    self._flush(objects)
    ~~~~~~~~~~~^^^^^^^^^
  File "/Users/marioscordia/Desktop/fastapi-shop/backend/venv/lib/python3.14/site-packages/sqlalchemy/orm/session.py", line 4466, in _flush
    with util.safe_reraise():
         ~~~~~~~~~~~~~~~~~^^
  File "/Users/marioscordia/Desktop/fastapi-shop/backend/venv/lib/python3.14/site-packages/sqlalchemy/util/langhelpers.py", line 224, in __exit__
    raise exc_value.with_traceback(exc_tb)
  File "/Users/marioscordia/Desktop/fastapi-shop/backend/venv/lib/python3.14/site-packages/sqlalchemy/orm/session.py", line 4427, in _flush
    flush_context.execute()
    ~~~~~~~~~~~~~~~~~~~~~^^
  File "/Users/marioscordia/Desktop/fastapi-shop/backend/venv/lib/python3.14/site-packages/sqlalchemy/orm/unitofwork.py", line 466, in execute
    rec.execute(self)
    ~~~~~~~~~~~^^^^^^
  File "/Users/marioscordia/Desktop/fastapi-shop/backend/venv/lib/python3.14/site-packages/sqlalchemy/orm/unitofwork.py", line 642, in execute
    util.preloaded.orm_persistence.save_obj(
    ~~~~~~~~~~~~~~~~~~~~~~~~~~~~~~~~~~~~~~~^
        self.mapper,
        ^^^^^^^^^^^^
        uow.states_for_mapper_hierarchy(self.mapper, False, False),
        ^^^^^^^^^^^^^^^^^^^^^^^^^^^^^^^^^^^^^^^^^^^^^^^^^^^^^^^^^^^
        uow,
        ^^^^
    )
    ^
  File "/Users/marioscordia/Desktop/fastapi-shop/backend/venv/lib/python3.14/site-packages/sqlalchemy/orm/persistence.py", line 93, in save_obj
    _emit_insert_statements(
    ~~~~~~~~~~~~~~~~~~~~~~~^
        base_mapper,
        ^^^^^^^^^^^^
    ...<3 lines>...
        insert,
        ^^^^^^^
    )
    ^
  File "/Users/marioscordia/Desktop/fastapi-shop/backend/venv/lib/python3.14/site-packages/sqlalchemy/orm/persistence.py", line 1048, in _emit_insert_statements
    result = connection.execute(
        statement, multiparams, execution_options=execution_options
    )
  File "/Users/marioscordia/Desktop/fastapi-shop/backend/venv/lib/python3.14/site-packages/sqlalchemy/engine/base.py", line 1419, in execute
    return meth(
        self,
        distilled_parameters,
        execution_options or NO_OPTIONS,
    )
  File "/Users/marioscordia/Desktop/fastapi-shop/backend/venv/lib/python3.14/site-packages/sqlalchemy/sql/elements.py", line 527, in _execute_on_connection
    return connection._execute_clauseelement(
           ~~~~~~~~~~~~~~~~~~~~~~~~~~~~~~~~~^
        self, distilled_params, execution_options
        ^^^^^^^^^^^^^^^^^^^^^^^^^^^^^^^^^^^^^^^^^
    )
    ^
  File "/Users/marioscordia/Desktop/fastapi-shop/backend/venv/lib/python3.14/site-packages/sqlalchemy/engine/base.py", line 1641, in _execute_clauseelement
    ret = self._execute_context(
        dialect,
    ...<8 lines>...
        cache_hit=cache_hit,
    )
  File "/Users/marioscordia/Desktop/fastapi-shop/backend/venv/lib/python3.14/site-packages/sqlalchemy/engine/base.py", line 1846, in _execute_context
    return self._exec_single_context(
           ~~~~~~~~~~~~~~~~~~~~~~~~~^
        dialect, context, statement, parameters
        ^^^^^^^^^^^^^^^^^^^^^^^^^^^^^^^^^^^^^^^
    )
    ^
  File "/Users/marioscordia/Desktop/fastapi-shop/backend/venv/lib/python3.14/site-packages/sqlalchemy/engine/base.py", line 1986, in _exec_single_context
    self._handle_dbapi_exception(
    ~~~~~~~~~~~~~~~~~~~~~~~~~~~~^
        e, str_statement, effective_parameters, cursor, context
        ^^^^^^^^^^^^^^^^^^^^^^^^^^^^^^^^^^^^^^^^^^^^^^^^^^^^^^^
    )
    ^
  File "/Users/marioscordia/Desktop/fastapi-shop/backend/venv/lib/python3.14/site-packages/sqlalchemy/engine/base.py", line 2363, in _handle_dbapi_exception
    raise sqlalchemy_exception.with_traceback(exc_info[2]) from e
  File "/Users/marioscordia/Desktop/fastapi-shop/backend/venv/lib/python3.14/site-packages/sqlalchemy/engine/base.py", line 1967, in _exec_single_context
    self.dialect.do_execute(
    ~~~~~~~~~~~~~~~~~~~~~~~^
        cursor, str_statement, effective_parameters, context
        ^^^^^^^^^^^^^^^^^^^^^^^^^^^^^^^^^^^^^^^^^^^^^^^^^^^^
    )
    ^
  File "/Users/marioscordia/Desktop/fastapi-shop/backend/venv/lib/python3.14/site-packages/sqlalchemy/engine/default.py", line 952, in do_execute
    cursor.execute(statement, parameters)
    ~~~~~~~~~~~~~~^^^^^^^^^^^^^^^^^^^^^^^
  File "/Users/marioscordia/Desktop/fastapi-shop/backend/venv/lib/python3.14/site-packages/psycopg/cursor.py", line 117, in execute
    raise ex.with_traceback(None)
sqlalchemy.exc.IntegrityError: (psycopg.errors.UniqueViolation) duplicate key value violates unique constraint "users_pkey"
DETAIL:  Key (id)=(21) already exists.
[SQL: INSERT INTO users (id, email, full_name, password_hash, role, is_active, created_at) VALUES (%(id)s::INTEGER, %(email)s::VARCHAR, %(full_name)s::VARCHAR, %(password_hash)s::VARCHAR, %(role)s::VARCHAR, %(is_active)s, %(created_at)s::TIMESTAMP WITHOUT TIME ZONE)]
[parameters: {'id': 21, 'email': 'qa_17752305717301@test.novacart.local', 'full_name': 'QA Test User', 'password_hash': 'pbkdf2_sha256$49681c6dc57420de83297b94b2a4d34e$9naixxXw7BzXsl3gJG5TqdebhzFnfCEStVHz99xiEg8=', 'role': 'customer', 'is_active': True, 'created_at': datetime.datetime(2026, 4, 3, 15, 36, 11, 752171)}]
(Background on this error at: https://sqlalche.me/e/20/gkpj)
ERROR:    Exception in ASGI application
Traceback (most recent call last):
  File "/Users/marioscordia/Desktop/fastapi-shop/backend/venv/lib/python3.14/site-packages/sqlalchemy/engine/base.py", line 1967, in _exec_single_context
    self.dialect.do_execute(
    ~~~~~~~~~~~~~~~~~~~~~~~^
        cursor, str_statement, effective_parameters, context
        ^^^^^^^^^^^^^^^^^^^^^^^^^^^^^^^^^^^^^^^^^^^^^^^^^^^^
    )
    ^
  File "/Users/marioscordia/Desktop/fastapi-shop/backend/venv/lib/python3.14/site-packages/sqlalchemy/engine/default.py", line 952, in do_execute
    cursor.execute(statement, parameters)
    ~~~~~~~~~~~~~~^^^^^^^^^^^^^^^^^^^^^^^
  File "/Users/marioscordia/Desktop/fastapi-shop/backend/venv/lib/python3.14/site-packages/psycopg/cursor.py", line 117, in execute
    raise ex.with_traceback(None)
psycopg.errors.UniqueViolation: duplicate key value violates unique constraint "users_pkey"
DETAIL:  Key (id)=(22) already exists.

The above exception was the direct cause of the following exception:

Traceback (most recent call last):
  File "/Users/marioscordia/Desktop/fastapi-shop/backend/venv/lib/python3.14/site-packages/uvicorn/protocols/http/h11_impl.py", line 410, in run_asgi
    result = await app(  # type: ignore[func-returns-value]
             ^^^^^^^^^^^^^^^^^^^^^^^^^^^^^^^^^^^^^^^^^^^^^^
        self.scope, self.receive, self.send
        ^^^^^^^^^^^^^^^^^^^^^^^^^^^^^^^^^^^
    )
    ^
  File "/Users/marioscordia/Desktop/fastapi-shop/backend/venv/lib/python3.14/site-packages/uvicorn/middleware/proxy_headers.py", line 60, in __call__
    return await self.app(scope, receive, send)
           ^^^^^^^^^^^^^^^^^^^^^^^^^^^^^^^^^^^^
  File "/Users/marioscordia/Desktop/fastapi-shop/backend/venv/lib/python3.14/site-packages/fastapi/applications.py", line 1134, in __call__
    await super().__call__(scope, receive, send)
  File "/Users/marioscordia/Desktop/fastapi-shop/backend/venv/lib/python3.14/site-packages/starlette/applications.py", line 107, in __call__
    await self.middleware_stack(scope, receive, send)
  File "/Users/marioscordia/Desktop/fastapi-shop/backend/venv/lib/python3.14/site-packages/starlette/middleware/errors.py", line 186, in __call__
    raise exc
  File "/Users/marioscordia/Desktop/fastapi-shop/backend/venv/lib/python3.14/site-packages/starlette/middleware/errors.py", line 164, in __call__
    await self.app(scope, receive, _send)
  File "/Users/marioscordia/Desktop/fastapi-shop/backend/venv/lib/python3.14/site-packages/starlette/middleware/cors.py", line 87, in __call__
    await self.app(scope, receive, send)
  File "/Users/marioscordia/Desktop/fastapi-shop/backend/venv/lib/python3.14/site-packages/starlette/middleware/exceptions.py", line 63, in __call__
    await wrap_app_handling_exceptions(self.app, conn)(scope, receive, send)
  File "/Users/marioscordia/Desktop/fastapi-shop/backend/venv/lib/python3.14/site-packages/starlette/_exception_handler.py", line 53, in wrapped_app
    raise exc
  File "/Users/marioscordia/Desktop/fastapi-shop/backend/venv/lib/python3.14/site-packages/starlette/_exception_handler.py", line 42, in wrapped_app
    await app(scope, receive, sender)
  File "/Users/marioscordia/Desktop/fastapi-shop/backend/venv/lib/python3.14/site-packages/fastapi/middleware/asyncexitstack.py", line 18, in __call__
    await self.app(scope, receive, send)
  File "/Users/marioscordia/Desktop/fastapi-shop/backend/venv/lib/python3.14/site-packages/starlette/routing.py", line 716, in __call__
    await self.middleware_stack(scope, receive, send)
  File "/Users/marioscordia/Desktop/fastapi-shop/backend/venv/lib/python3.14/site-packages/starlette/routing.py", line 736, in app
    await route.handle(scope, receive, send)
  File "/Users/marioscordia/Desktop/fastapi-shop/backend/venv/lib/python3.14/site-packages/starlette/routing.py", line 290, in handle
    await self.app(scope, receive, send)
  File "/Users/marioscordia/Desktop/fastapi-shop/backend/venv/lib/python3.14/site-packages/fastapi/routing.py", line 119, in app
    await wrap_app_handling_exceptions(app, request)(scope, receive, send)
  File "/Users/marioscordia/Desktop/fastapi-shop/backend/venv/lib/python3.14/site-packages/starlette/_exception_handler.py", line 53, in wrapped_app
    raise exc
  File "/Users/marioscordia/Desktop/fastapi-shop/backend/venv/lib/python3.14/site-packages/starlette/_exception_handler.py", line 42, in wrapped_app
    await app(scope, receive, sender)
  File "/Users/marioscordia/Desktop/fastapi-shop/backend/venv/lib/python3.14/site-packages/fastapi/routing.py", line 105, in app
    response = await f(request)
               ^^^^^^^^^^^^^^^^
  File "/Users/marioscordia/Desktop/fastapi-shop/backend/venv/lib/python3.14/site-packages/fastapi/routing.py", line 424, in app
    raw_response = await run_endpoint_function(
                   ^^^^^^^^^^^^^^^^^^^^^^^^^^^^
    ...<3 lines>...
    )
    ^
  File "/Users/marioscordia/Desktop/fastapi-shop/backend/venv/lib/python3.14/site-packages/fastapi/routing.py", line 314, in run_endpoint_function
    return await run_in_threadpool(dependant.call, **values)
           ^^^^^^^^^^^^^^^^^^^^^^^^^^^^^^^^^^^^^^^^^^^^^^^^^
  File "/Users/marioscordia/Desktop/fastapi-shop/backend/venv/lib/python3.14/site-packages/starlette/concurrency.py", line 32, in run_in_threadpool
    return await anyio.to_thread.run_sync(func)
           ^^^^^^^^^^^^^^^^^^^^^^^^^^^^^^^^^^^^
  File "/Users/marioscordia/Desktop/fastapi-shop/backend/venv/lib/python3.14/site-packages/anyio/to_thread.py", line 63, in run_sync
    return await get_async_backend().run_sync_in_worker_thread(
           ^^^^^^^^^^^^^^^^^^^^^^^^^^^^^^^^^^^^^^^^^^^^^^^^^^^^
        func, args, abandon_on_cancel=abandon_on_cancel, limiter=limiter
        ^^^^^^^^^^^^^^^^^^^^^^^^^^^^^^^^^^^^^^^^^^^^^^^^^^^^^^^^^^^^^^^^
    )
    ^
  File "/Users/marioscordia/Desktop/fastapi-shop/backend/venv/lib/python3.14/site-packages/anyio/_backends/_asyncio.py", line 2502, in run_sync_in_worker_thread
    return await future
           ^^^^^^^^^^^^
  File "/Users/marioscordia/Desktop/fastapi-shop/backend/venv/lib/python3.14/site-packages/anyio/_backends/_asyncio.py", line 986, in run
    result = context.run(func, *args)
  File "/Users/marioscordia/Desktop/qualityassurance/app/presentation/api/routers/auth.py", line 15, in register
    return services.auth.register(payload)
           ~~~~~~~~~~~~~~~~~~~~~~^^^^^^^^^
  File "/Users/marioscordia/Desktop/qualityassurance/app/application/services.py", line 344, in register
    created = self.users.create(user)
  File "/Users/marioscordia/Desktop/qualityassurance/app/infrastructure/repositories/sqlalchemy.py", line 116, in create
    self.session.flush()
    ~~~~~~~~~~~~~~~~~~^^
  File "/Users/marioscordia/Desktop/fastapi-shop/backend/venv/lib/python3.14/site-packages/sqlalchemy/orm/session.py", line 4331, in flush
    self._flush(objects)
    ~~~~~~~~~~~^^^^^^^^^
  File "/Users/marioscordia/Desktop/fastapi-shop/backend/venv/lib/python3.14/site-packages/sqlalchemy/orm/session.py", line 4466, in _flush
    with util.safe_reraise():
         ~~~~~~~~~~~~~~~~~^^
  File "/Users/marioscordia/Desktop/fastapi-shop/backend/venv/lib/python3.14/site-packages/sqlalchemy/util/langhelpers.py", line 224, in __exit__
    raise exc_value.with_traceback(exc_tb)
  File "/Users/marioscordia/Desktop/fastapi-shop/backend/venv/lib/python3.14/site-packages/sqlalchemy/orm/session.py", line 4427, in _flush
    flush_context.execute()
    ~~~~~~~~~~~~~~~~~~~~~^^
  File "/Users/marioscordia/Desktop/fastapi-shop/backend/venv/lib/python3.14/site-packages/sqlalchemy/orm/unitofwork.py", line 466, in execute
    rec.execute(self)
    ~~~~~~~~~~~^^^^^^
  File "/Users/marioscordia/Desktop/fastapi-shop/backend/venv/lib/python3.14/site-packages/sqlalchemy/orm/unitofwork.py", line 642, in execute
    util.preloaded.orm_persistence.save_obj(
    ~~~~~~~~~~~~~~~~~~~~~~~~~~~~~~~~~~~~~~~^
        self.mapper,
        ^^^^^^^^^^^^
        uow.states_for_mapper_hierarchy(self.mapper, False, False),
        ^^^^^^^^^^^^^^^^^^^^^^^^^^^^^^^^^^^^^^^^^^^^^^^^^^^^^^^^^^^
        uow,
        ^^^^
    )
    ^
  File "/Users/marioscordia/Desktop/fastapi-shop/backend/venv/lib/python3.14/site-packages/sqlalchemy/orm/persistence.py", line 93, in save_obj
    _emit_insert_statements(
    ~~~~~~~~~~~~~~~~~~~~~~~^
        base_mapper,
        ^^^^^^^^^^^^
    ...<3 lines>...
        insert,
        ^^^^^^^
    )
    ^
  File "/Users/marioscordia/Desktop/fastapi-shop/backend/venv/lib/python3.14/site-packages/sqlalchemy/orm/persistence.py", line 1048, in _emit_insert_statements
    result = connection.execute(
        statement, multiparams, execution_options=execution_options
    )
  File "/Users/marioscordia/Desktop/fastapi-shop/backend/venv/lib/python3.14/site-packages/sqlalchemy/engine/base.py", line 1419, in execute
    return meth(
        self,
        distilled_parameters,
        execution_options or NO_OPTIONS,
    )
  File "/Users/marioscordia/Desktop/fastapi-shop/backend/venv/lib/python3.14/site-packages/sqlalchemy/sql/elements.py", line 527, in _execute_on_connection
    return connection._execute_clauseelement(
           ~~~~~~~~~~~~~~~~~~~~~~~~~~~~~~~~~^
        self, distilled_params, execution_options
        ^^^^^^^^^^^^^^^^^^^^^^^^^^^^^^^^^^^^^^^^^
    )
    ^
  File "/Users/marioscordia/Desktop/fastapi-shop/backend/venv/lib/python3.14/site-packages/sqlalchemy/engine/base.py", line 1641, in _execute_clauseelement
    ret = self._execute_context(
        dialect,
    ...<8 lines>...
        cache_hit=cache_hit,
    )
  File "/Users/marioscordia/Desktop/fastapi-shop/backend/venv/lib/python3.14/site-packages/sqlalchemy/engine/base.py", line 1846, in _execute_context
    return self._exec_single_context(
           ~~~~~~~~~~~~~~~~~~~~~~~~~^
        dialect, context, statement, parameters
        ^^^^^^^^^^^^^^^^^^^^^^^^^^^^^^^^^^^^^^^
    )
    ^
  File "/Users/marioscordia/Desktop/fastapi-shop/backend/venv/lib/python3.14/site-packages/sqlalchemy/engine/base.py", line 1986, in _exec_single_context
    self._handle_dbapi_exception(
    ~~~~~~~~~~~~~~~~~~~~~~~~~~~~^
        e, str_statement, effective_parameters, cursor, context
        ^^^^^^^^^^^^^^^^^^^^^^^^^^^^^^^^^^^^^^^^^^^^^^^^^^^^^^^
    )
    ^
  File "/Users/marioscordia/Desktop/fastapi-shop/backend/venv/lib/python3.14/site-packages/sqlalchemy/engine/base.py", line 2363, in _handle_dbapi_exception
    raise sqlalchemy_exception.with_traceback(exc_info[2]) from e
  File "/Users/marioscordia/Desktop/fastapi-shop/backend/venv/lib/python3.14/site-packages/sqlalchemy/engine/base.py", line 1967, in _exec_single_context
    self.dialect.do_execute(
    ~~~~~~~~~~~~~~~~~~~~~~~^
        cursor, str_statement, effective_parameters, context
        ^^^^^^^^^^^^^^^^^^^^^^^^^^^^^^^^^^^^^^^^^^^^^^^^^^^^
    )
    ^
  File "/Users/marioscordia/Desktop/fastapi-shop/backend/venv/lib/python3.14/site-packages/sqlalchemy/engine/default.py", line 952, in do_execute
    cursor.execute(statement, parameters)
    ~~~~~~~~~~~~~~^^^^^^^^^^^^^^^^^^^^^^^
  File "/Users/marioscordia/Desktop/fastapi-shop/backend/venv/lib/python3.14/site-packages/psycopg/cursor.py", line 117, in execute
    raise ex.with_traceback(None)
sqlalchemy.exc.IntegrityError: (psycopg.errors.UniqueViolation) duplicate key value violates unique constraint "users_pkey"
DETAIL:  Key (id)=(22) already exists.
[SQL: INSERT INTO users (id, email, full_name, password_hash, role, is_active, created_at) VALUES (%(id)s::INTEGER, %(email)s::VARCHAR, %(full_name)s::VARCHAR, %(password_hash)s::VARCHAR, %(role)s::VARCHAR, %(is_active)s, %(created_at)s::TIMESTAMP WITHOUT TIME ZONE)]
[parameters: {'id': 22, 'email': 'qa_17752305717262@test.novacart.local', 'full_name': 'QA Test User', 'password_hash': 'pbkdf2_sha256$f8b58469e84670451dc5483b21630980$0xqVwrjS3vIEdktkfhEPbuo1K0oNVhz/S6fT+IKKBI4=', 'role': 'customer', 'is_active': True, 'created_at': datetime.datetime(2026, 4, 3, 15, 36, 11, 786353)}]
(Background on this error at: https://sqlalche.me/e/20/gkpj)
ERROR:    Exception in ASGI application
Traceback (most recent call last):
  File "/Users/marioscordia/Desktop/fastapi-shop/backend/venv/lib/python3.14/site-packages/sqlalchemy/engine/base.py", line 1967, in _exec_single_context
    self.dialect.do_execute(
    ~~~~~~~~~~~~~~~~~~~~~~~^
        cursor, str_statement, effective_parameters, context
        ^^^^^^^^^^^^^^^^^^^^^^^^^^^^^^^^^^^^^^^^^^^^^^^^^^^^
    )
    ^
  File "/Users/marioscordia/Desktop/fastapi-shop/backend/venv/lib/python3.14/site-packages/sqlalchemy/engine/default.py", line 952, in do_execute
    cursor.execute(statement, parameters)
    ~~~~~~~~~~~~~~^^^^^^^^^^^^^^^^^^^^^^^
  File "/Users/marioscordia/Desktop/fastapi-shop/backend/venv/lib/python3.14/site-packages/psycopg/cursor.py", line 117, in execute
    raise ex.with_traceback(None)
psycopg.errors.UniqueViolation: duplicate key value violates unique constraint "users_pkey"
DETAIL:  Key (id)=(35) already exists.

The above exception was the direct cause of the following exception:

Traceback (most recent call last):
  File "/Users/marioscordia/Desktop/fastapi-shop/backend/venv/lib/python3.14/site-packages/uvicorn/protocols/http/h11_impl.py", line 410, in run_asgi
    result = await app(  # type: ignore[func-returns-value]
             ^^^^^^^^^^^^^^^^^^^^^^^^^^^^^^^^^^^^^^^^^^^^^^
        self.scope, self.receive, self.send
        ^^^^^^^^^^^^^^^^^^^^^^^^^^^^^^^^^^^
    )
    ^
  File "/Users/marioscordia/Desktop/fastapi-shop/backend/venv/lib/python3.14/site-packages/uvicorn/middleware/proxy_headers.py", line 60, in __call__
    return await self.app(scope, receive, send)
           ^^^^^^^^^^^^^^^^^^^^^^^^^^^^^^^^^^^^
  File "/Users/marioscordia/Desktop/fastapi-shop/backend/venv/lib/python3.14/site-packages/fastapi/applications.py", line 1134, in __call__
    await super().__call__(scope, receive, send)
  File "/Users/marioscordia/Desktop/fastapi-shop/backend/venv/lib/python3.14/site-packages/starlette/applications.py", line 107, in __call__
    await self.middleware_stack(scope, receive, send)
  File "/Users/marioscordia/Desktop/fastapi-shop/backend/venv/lib/python3.14/site-packages/starlette/middleware/errors.py", line 186, in __call__
    raise exc
  File "/Users/marioscordia/Desktop/fastapi-shop/backend/venv/lib/python3.14/site-packages/starlette/middleware/errors.py", line 164, in __call__
    await self.app(scope, receive, _send)
  File "/Users/marioscordia/Desktop/fastapi-shop/backend/venv/lib/python3.14/site-packages/starlette/middleware/cors.py", line 87, in __call__
    await self.app(scope, receive, send)
  File "/Users/marioscordia/Desktop/fastapi-shop/backend/venv/lib/python3.14/site-packages/starlette/middleware/exceptions.py", line 63, in __call__
    await wrap_app_handling_exceptions(self.app, conn)(scope, receive, send)
  File "/Users/marioscordia/Desktop/fastapi-shop/backend/venv/lib/python3.14/site-packages/starlette/_exception_handler.py", line 53, in wrapped_app
    raise exc
  File "/Users/marioscordia/Desktop/fastapi-shop/backend/venv/lib/python3.14/site-packages/starlette/_exception_handler.py", line 42, in wrapped_app
    await app(scope, receive, sender)
  File "/Users/marioscordia/Desktop/fastapi-shop/backend/venv/lib/python3.14/site-packages/fastapi/middleware/asyncexitstack.py", line 18, in __call__
    await self.app(scope, receive, send)
  File "/Users/marioscordia/Desktop/fastapi-shop/backend/venv/lib/python3.14/site-packages/starlette/routing.py", line 716, in __call__
    await self.middleware_stack(scope, receive, send)
  File "/Users/marioscordia/Desktop/fastapi-shop/backend/venv/lib/python3.14/site-packages/starlette/routing.py", line 736, in app
    await route.handle(scope, receive, send)
  File "/Users/marioscordia/Desktop/fastapi-shop/backend/venv/lib/python3.14/site-packages/starlette/routing.py", line 290, in handle
    await self.app(scope, receive, send)
  File "/Users/marioscordia/Desktop/fastapi-shop/backend/venv/lib/python3.14/site-packages/fastapi/routing.py", line 119, in app
    await wrap_app_handling_exceptions(app, request)(scope, receive, send)
  File "/Users/marioscordia/Desktop/fastapi-shop/backend/venv/lib/python3.14/site-packages/starlette/_exception_handler.py", line 53, in wrapped_app
    raise exc
  File "/Users/marioscordia/Desktop/fastapi-shop/backend/venv/lib/python3.14/site-packages/starlette/_exception_handler.py", line 42, in wrapped_app
    await app(scope, receive, sender)
  File "/Users/marioscordia/Desktop/fastapi-shop/backend/venv/lib/python3.14/site-packages/fastapi/routing.py", line 105, in app
    response = await f(request)
               ^^^^^^^^^^^^^^^^
  File "/Users/marioscordia/Desktop/fastapi-shop/backend/venv/lib/python3.14/site-packages/fastapi/routing.py", line 424, in app
    raw_response = await run_endpoint_function(
                   ^^^^^^^^^^^^^^^^^^^^^^^^^^^^
    ...<3 lines>...
    )
    ^
  File "/Users/marioscordia/Desktop/fastapi-shop/backend/venv/lib/python3.14/site-packages/fastapi/routing.py", line 314, in run_endpoint_function
    return await run_in_threadpool(dependant.call, **values)
           ^^^^^^^^^^^^^^^^^^^^^^^^^^^^^^^^^^^^^^^^^^^^^^^^^
  File "/Users/marioscordia/Desktop/fastapi-shop/backend/venv/lib/python3.14/site-packages/starlette/concurrency.py", line 32, in run_in_threadpool
    return await anyio.to_thread.run_sync(func)
           ^^^^^^^^^^^^^^^^^^^^^^^^^^^^^^^^^^^^
  File "/Users/marioscordia/Desktop/fastapi-shop/backend/venv/lib/python3.14/site-packages/anyio/to_thread.py", line 63, in run_sync
    return await get_async_backend().run_sync_in_worker_thread(
           ^^^^^^^^^^^^^^^^^^^^^^^^^^^^^^^^^^^^^^^^^^^^^^^^^^^^
        func, args, abandon_on_cancel=abandon_on_cancel, limiter=limiter
        ^^^^^^^^^^^^^^^^^^^^^^^^^^^^^^^^^^^^^^^^^^^^^^^^^^^^^^^^^^^^^^^^
    )
    ^
  File "/Users/marioscordia/Desktop/fastapi-shop/backend/venv/lib/python3.14/site-packages/anyio/_backends/_asyncio.py", line 2502, in run_sync_in_worker_thread
    return await future
           ^^^^^^^^^^^^
  File "/Users/marioscordia/Desktop/fastapi-shop/backend/venv/lib/python3.14/site-packages/anyio/_backends/_asyncio.py", line 986, in run
    result = context.run(func, *args)
  File "/Users/marioscordia/Desktop/qualityassurance/app/presentation/api/routers/auth.py", line 15, in register
    return services.auth.register(payload)
           ~~~~~~~~~~~~~~~~~~~~~~^^^^^^^^^
  File "/Users/marioscordia/Desktop/qualityassurance/app/application/services.py", line 344, in register
    created = self.users.create(user)
  File "/Users/marioscordia/Desktop/qualityassurance/app/infrastructure/repositories/sqlalchemy.py", line 116, in create
    self.session.flush()
    ~~~~~~~~~~~~~~~~~~^^
  File "/Users/marioscordia/Desktop/fastapi-shop/backend/venv/lib/python3.14/site-packages/sqlalchemy/orm/session.py", line 4331, in flush
    self._flush(objects)
    ~~~~~~~~~~~^^^^^^^^^
  File "/Users/marioscordia/Desktop/fastapi-shop/backend/venv/lib/python3.14/site-packages/sqlalchemy/orm/session.py", line 4466, in _flush
    with util.safe_reraise():
         ~~~~~~~~~~~~~~~~~^^
  File "/Users/marioscordia/Desktop/fastapi-shop/backend/venv/lib/python3.14/site-packages/sqlalchemy/util/langhelpers.py", line 224, in __exit__
    raise exc_value.with_traceback(exc_tb)
  File "/Users/marioscordia/Desktop/fastapi-shop/backend/venv/lib/python3.14/site-packages/sqlalchemy/orm/session.py", line 4427, in _flush
    flush_context.execute()
    ~~~~~~~~~~~~~~~~~~~~~^^
  File "/Users/marioscordia/Desktop/fastapi-shop/backend/venv/lib/python3.14/site-packages/sqlalchemy/orm/unitofwork.py", line 466, in execute
    rec.execute(self)
    ~~~~~~~~~~~^^^^^^
  File "/Users/marioscordia/Desktop/fastapi-shop/backend/venv/lib/python3.14/site-packages/sqlalchemy/orm/unitofwork.py", line 642, in execute
    util.preloaded.orm_persistence.save_obj(
    ~~~~~~~~~~~~~~~~~~~~~~~~~~~~~~~~~~~~~~~^
        self.mapper,
        ^^^^^^^^^^^^
        uow.states_for_mapper_hierarchy(self.mapper, False, False),
        ^^^^^^^^^^^^^^^^^^^^^^^^^^^^^^^^^^^^^^^^^^^^^^^^^^^^^^^^^^^
        uow,
        ^^^^
    )
    ^
  File "/Users/marioscordia/Desktop/fastapi-shop/backend/venv/lib/python3.14/site-packages/sqlalchemy/orm/persistence.py", line 93, in save_obj
    _emit_insert_statements(
    ~~~~~~~~~~~~~~~~~~~~~~~^
        base_mapper,
        ^^^^^^^^^^^^
    ...<3 lines>...
        insert,
        ^^^^^^^
    )
    ^
  File "/Users/marioscordia/Desktop/fastapi-shop/backend/venv/lib/python3.14/site-packages/sqlalchemy/orm/persistence.py", line 1048, in _emit_insert_statements
    result = connection.execute(
        statement, multiparams, execution_options=execution_options
    )
  File "/Users/marioscordia/Desktop/fastapi-shop/backend/venv/lib/python3.14/site-packages/sqlalchemy/engine/base.py", line 1419, in execute
    return meth(
        self,
        distilled_parameters,
        execution_options or NO_OPTIONS,
    )
  File "/Users/marioscordia/Desktop/fastapi-shop/backend/venv/lib/python3.14/site-packages/sqlalchemy/sql/elements.py", line 527, in _execute_on_connection
    return connection._execute_clauseelement(
           ~~~~~~~~~~~~~~~~~~~~~~~~~~~~~~~~~^
        self, distilled_params, execution_options
        ^^^^^^^^^^^^^^^^^^^^^^^^^^^^^^^^^^^^^^^^^
    )
    ^
  File "/Users/marioscordia/Desktop/fastapi-shop/backend/venv/lib/python3.14/site-packages/sqlalchemy/engine/base.py", line 1641, in _execute_clauseelement
    ret = self._execute_context(
        dialect,
    ...<8 lines>...
        cache_hit=cache_hit,
    )
  File "/Users/marioscordia/Desktop/fastapi-shop/backend/venv/lib/python3.14/site-packages/sqlalchemy/engine/base.py", line 1846, in _execute_context
    return self._exec_single_context(
           ~~~~~~~~~~~~~~~~~~~~~~~~~^
        dialect, context, statement, parameters
        ^^^^^^^^^^^^^^^^^^^^^^^^^^^^^^^^^^^^^^^
    )
    ^
  File "/Users/marioscordia/Desktop/fastapi-shop/backend/venv/lib/python3.14/site-packages/sqlalchemy/engine/base.py", line 1986, in _exec_single_context
    self._handle_dbapi_exception(
    ~~~~~~~~~~~~~~~~~~~~~~~~~~~~^
        e, str_statement, effective_parameters, cursor, context
        ^^^^^^^^^^^^^^^^^^^^^^^^^^^^^^^^^^^^^^^^^^^^^^^^^^^^^^^
    )
    ^
  File "/Users/marioscordia/Desktop/fastapi-shop/backend/venv/lib/python3.14/site-packages/sqlalchemy/engine/base.py", line 2363, in _handle_dbapi_exception
    raise sqlalchemy_exception.with_traceback(exc_info[2]) from e
  File "/Users/marioscordia/Desktop/fastapi-shop/backend/venv/lib/python3.14/site-packages/sqlalchemy/engine/base.py", line 1967, in _exec_single_context
    self.dialect.do_execute(
    ~~~~~~~~~~~~~~~~~~~~~~~^
        cursor, str_statement, effective_parameters, context
        ^^^^^^^^^^^^^^^^^^^^^^^^^^^^^^^^^^^^^^^^^^^^^^^^^^^^
    )
    ^
  File "/Users/marioscordia/Desktop/fastapi-shop/backend/venv/lib/python3.14/site-packages/sqlalchemy/engine/default.py", line 952, in do_execute
    cursor.execute(statement, parameters)
    ~~~~~~~~~~~~~~^^^^^^^^^^^^^^^^^^^^^^^
  File "/Users/marioscordia/Desktop/fastapi-shop/backend/venv/lib/python3.14/site-packages/psycopg/cursor.py", line 117, in execute
    raise ex.with_traceback(None)
sqlalchemy.exc.IntegrityError: (psycopg.errors.UniqueViolation) duplicate key value violates unique constraint "users_pkey"
DETAIL:  Key (id)=(35) already exists.
[SQL: INSERT INTO users (id, email, full_name, password_hash, role, is_active, created_at) VALUES (%(id)s::INTEGER, %(email)s::VARCHAR, %(full_name)s::VARCHAR, %(password_hash)s::VARCHAR, %(role)s::VARCHAR, %(is_active)s, %(created_at)s::TIMESTAMP WITHOUT TIME ZONE)]
[parameters: {'id': 35, 'email': 'qa_17752306086221@test.novacart.local', 'full_name': 'QA Test User', 'password_hash': 'pbkdf2_sha256$4e4487af852d533b219e04bfe915cecb$F6HFRVFVSOGYuVQW9g61jbRjPICXWKnFadMRPxiwHqA=', 'role': 'customer', 'is_active': True, 'created_at': datetime.datetime(2026, 4, 3, 15, 36, 48, 644662)}]
(Background on this error at: https://sqlalche.me/e/20/gkpj)
ERROR:    Exception in ASGI application
Traceback (most recent call last):
  File "/Users/marioscordia/Desktop/fastapi-shop/backend/venv/lib/python3.14/site-packages/sqlalchemy/engine/base.py", line 1967, in _exec_single_context
    self.dialect.do_execute(
    ~~~~~~~~~~~~~~~~~~~~~~~^
        cursor, str_statement, effective_parameters, context
        ^^^^^^^^^^^^^^^^^^^^^^^^^^^^^^^^^^^^^^^^^^^^^^^^^^^^
    )
    ^
  File "/Users/marioscordia/Desktop/fastapi-shop/backend/venv/lib/python3.14/site-packages/sqlalchemy/engine/default.py", line 952, in do_execute
    cursor.execute(statement, parameters)
    ~~~~~~~~~~~~~~^^^^^^^^^^^^^^^^^^^^^^^
  File "/Users/marioscordia/Desktop/fastapi-shop/backend/venv/lib/python3.14/site-packages/psycopg/cursor.py", line 117, in execute
    raise ex.with_traceback(None)
psycopg.errors.UniqueViolation: duplicate key value violates unique constraint "users_pkey"
DETAIL:  Key (id)=(35) already exists.

The above exception was the direct cause of the following exception:

Traceback (most recent call last):
  File "/Users/marioscordia/Desktop/fastapi-shop/backend/venv/lib/python3.14/site-packages/uvicorn/protocols/http/h11_impl.py", line 410, in run_asgi
    result = await app(  # type: ignore[func-returns-value]
             ^^^^^^^^^^^^^^^^^^^^^^^^^^^^^^^^^^^^^^^^^^^^^^
        self.scope, self.receive, self.send
        ^^^^^^^^^^^^^^^^^^^^^^^^^^^^^^^^^^^
    )
    ^
  File "/Users/marioscordia/Desktop/fastapi-shop/backend/venv/lib/python3.14/site-packages/uvicorn/middleware/proxy_headers.py", line 60, in __call__
    return await self.app(scope, receive, send)
           ^^^^^^^^^^^^^^^^^^^^^^^^^^^^^^^^^^^^
  File "/Users/marioscordia/Desktop/fastapi-shop/backend/venv/lib/python3.14/site-packages/fastapi/applications.py", line 1134, in __call__
    await super().__call__(scope, receive, send)
  File "/Users/marioscordia/Desktop/fastapi-shop/backend/venv/lib/python3.14/site-packages/starlette/applications.py", line 107, in __call__
    await self.middleware_stack(scope, receive, send)
  File "/Users/marioscordia/Desktop/fastapi-shop/backend/venv/lib/python3.14/site-packages/starlette/middleware/errors.py", line 186, in __call__
    raise exc
  File "/Users/marioscordia/Desktop/fastapi-shop/backend/venv/lib/python3.14/site-packages/starlette/middleware/errors.py", line 164, in __call__
    await self.app(scope, receive, _send)
  File "/Users/marioscordia/Desktop/fastapi-shop/backend/venv/lib/python3.14/site-packages/starlette/middleware/cors.py", line 87, in __call__
    await self.app(scope, receive, send)
  File "/Users/marioscordia/Desktop/fastapi-shop/backend/venv/lib/python3.14/site-packages/starlette/middleware/exceptions.py", line 63, in __call__
    await wrap_app_handling_exceptions(self.app, conn)(scope, receive, send)
  File "/Users/marioscordia/Desktop/fastapi-shop/backend/venv/lib/python3.14/site-packages/starlette/_exception_handler.py", line 53, in wrapped_app
    raise exc
  File "/Users/marioscordia/Desktop/fastapi-shop/backend/venv/lib/python3.14/site-packages/starlette/_exception_handler.py", line 42, in wrapped_app
    await app(scope, receive, sender)
  File "/Users/marioscordia/Desktop/fastapi-shop/backend/venv/lib/python3.14/site-packages/fastapi/middleware/asyncexitstack.py", line 18, in __call__
    await self.app(scope, receive, send)
  File "/Users/marioscordia/Desktop/fastapi-shop/backend/venv/lib/python3.14/site-packages/starlette/routing.py", line 716, in __call__
    await self.middleware_stack(scope, receive, send)
  File "/Users/marioscordia/Desktop/fastapi-shop/backend/venv/lib/python3.14/site-packages/starlette/routing.py", line 736, in app
    await route.handle(scope, receive, send)
  File "/Users/marioscordia/Desktop/fastapi-shop/backend/venv/lib/python3.14/site-packages/starlette/routing.py", line 290, in handle
    await self.app(scope, receive, send)
  File "/Users/marioscordia/Desktop/fastapi-shop/backend/venv/lib/python3.14/site-packages/fastapi/routing.py", line 119, in app
    await wrap_app_handling_exceptions(app, request)(scope, receive, send)
  File "/Users/marioscordia/Desktop/fastapi-shop/backend/venv/lib/python3.14/site-packages/starlette/_exception_handler.py", line 53, in wrapped_app
    raise exc
  File "/Users/marioscordia/Desktop/fastapi-shop/backend/venv/lib/python3.14/site-packages/starlette/_exception_handler.py", line 42, in wrapped_app
    await app(scope, receive, sender)
  File "/Users/marioscordia/Desktop/fastapi-shop/backend/venv/lib/python3.14/site-packages/fastapi/routing.py", line 105, in app
    response = await f(request)
               ^^^^^^^^^^^^^^^^
  File "/Users/marioscordia/Desktop/fastapi-shop/backend/venv/lib/python3.14/site-packages/fastapi/routing.py", line 424, in app
    raw_response = await run_endpoint_function(
                   ^^^^^^^^^^^^^^^^^^^^^^^^^^^^
    ...<3 lines>...
    )
    ^
  File "/Users/marioscordia/Desktop/fastapi-shop/backend/venv/lib/python3.14/site-packages/fastapi/routing.py", line 314, in run_endpoint_function
    return await run_in_threadpool(dependant.call, **values)
           ^^^^^^^^^^^^^^^^^^^^^^^^^^^^^^^^^^^^^^^^^^^^^^^^^
  File "/Users/marioscordia/Desktop/fastapi-shop/backend/venv/lib/python3.14/site-packages/starlette/concurrency.py", line 32, in run_in_threadpool
    return await anyio.to_thread.run_sync(func)
           ^^^^^^^^^^^^^^^^^^^^^^^^^^^^^^^^^^^^
  File "/Users/marioscordia/Desktop/fastapi-shop/backend/venv/lib/python3.14/site-packages/anyio/to_thread.py", line 63, in run_sync
    return await get_async_backend().run_sync_in_worker_thread(
           ^^^^^^^^^^^^^^^^^^^^^^^^^^^^^^^^^^^^^^^^^^^^^^^^^^^^
        func, args, abandon_on_cancel=abandon_on_cancel, limiter=limiter
        ^^^^^^^^^^^^^^^^^^^^^^^^^^^^^^^^^^^^^^^^^^^^^^^^^^^^^^^^^^^^^^^^
    )
    ^
  File "/Users/marioscordia/Desktop/fastapi-shop/backend/venv/lib/python3.14/site-packages/anyio/_backends/_asyncio.py", line 2502, in run_sync_in_worker_thread
    return await future
           ^^^^^^^^^^^^
  File "/Users/marioscordia/Desktop/fastapi-shop/backend/venv/lib/python3.14/site-packages/anyio/_backends/_asyncio.py", line 986, in run
    result = context.run(func, *args)
  File "/Users/marioscordia/Desktop/qualityassurance/app/presentation/api/routers/auth.py", line 15, in register
    return services.auth.register(payload)
           ~~~~~~~~~~~~~~~~~~~~~~^^^^^^^^^
  File "/Users/marioscordia/Desktop/qualityassurance/app/application/services.py", line 344, in register
    created = self.users.create(user)
  File "/Users/marioscordia/Desktop/qualityassurance/app/infrastructure/repositories/sqlalchemy.py", line 116, in create
    self.session.flush()
    ~~~~~~~~~~~~~~~~~~^^
  File "/Users/marioscordia/Desktop/fastapi-shop/backend/venv/lib/python3.14/site-packages/sqlalchemy/orm/session.py", line 4331, in flush
    self._flush(objects)
    ~~~~~~~~~~~^^^^^^^^^
  File "/Users/marioscordia/Desktop/fastapi-shop/backend/venv/lib/python3.14/site-packages/sqlalchemy/orm/session.py", line 4466, in _flush
    with util.safe_reraise():
         ~~~~~~~~~~~~~~~~~^^
  File "/Users/marioscordia/Desktop/fastapi-shop/backend/venv/lib/python3.14/site-packages/sqlalchemy/util/langhelpers.py", line 224, in __exit__
    raise exc_value.with_traceback(exc_tb)
  File "/Users/marioscordia/Desktop/fastapi-shop/backend/venv/lib/python3.14/site-packages/sqlalchemy/orm/session.py", line 4427, in _flush
    flush_context.execute()
    ~~~~~~~~~~~~~~~~~~~~~^^
  File "/Users/marioscordia/Desktop/fastapi-shop/backend/venv/lib/python3.14/site-packages/sqlalchemy/orm/unitofwork.py", line 466, in execute
    rec.execute(self)
    ~~~~~~~~~~~^^^^^^
  File "/Users/marioscordia/Desktop/fastapi-shop/backend/venv/lib/python3.14/site-packages/sqlalchemy/orm/unitofwork.py", line 642, in execute
    util.preloaded.orm_persistence.save_obj(
    ~~~~~~~~~~~~~~~~~~~~~~~~~~~~~~~~~~~~~~~^
        self.mapper,
        ^^^^^^^^^^^^
        uow.states_for_mapper_hierarchy(self.mapper, False, False),
        ^^^^^^^^^^^^^^^^^^^^^^^^^^^^^^^^^^^^^^^^^^^^^^^^^^^^^^^^^^^
        uow,
        ^^^^
    )
    ^
  File "/Users/marioscordia/Desktop/fastapi-shop/backend/venv/lib/python3.14/site-packages/sqlalchemy/orm/persistence.py", line 93, in save_obj
    _emit_insert_statements(
    ~~~~~~~~~~~~~~~~~~~~~~~^
        base_mapper,
        ^^^^^^^^^^^^
    ...<3 lines>...
        insert,
        ^^^^^^^
    )
    ^
  File "/Users/marioscordia/Desktop/fastapi-shop/backend/venv/lib/python3.14/site-packages/sqlalchemy/orm/persistence.py", line 1048, in _emit_insert_statements
    result = connection.execute(
        statement, multiparams, execution_options=execution_options
    )
  File "/Users/marioscordia/Desktop/fastapi-shop/backend/venv/lib/python3.14/site-packages/sqlalchemy/engine/base.py", line 1419, in execute
    return meth(
        self,
        distilled_parameters,
        execution_options or NO_OPTIONS,
    )
  File "/Users/marioscordia/Desktop/fastapi-shop/backend/venv/lib/python3.14/site-packages/sqlalchemy/sql/elements.py", line 527, in _execute_on_connection
    return connection._execute_clauseelement(
           ~~~~~~~~~~~~~~~~~~~~~~~~~~~~~~~~~^
        self, distilled_params, execution_options
        ^^^^^^^^^^^^^^^^^^^^^^^^^^^^^^^^^^^^^^^^^
    )
    ^
  File "/Users/marioscordia/Desktop/fastapi-shop/backend/venv/lib/python3.14/site-packages/sqlalchemy/engine/base.py", line 1641, in _execute_clauseelement
    ret = self._execute_context(
        dialect,
    ...<8 lines>...
        cache_hit=cache_hit,
    )
  File "/Users/marioscordia/Desktop/fastapi-shop/backend/venv/lib/python3.14/site-packages/sqlalchemy/engine/base.py", line 1846, in _execute_context
    return self._exec_single_context(
           ~~~~~~~~~~~~~~~~~~~~~~~~~^
        dialect, context, statement, parameters
        ^^^^^^^^^^^^^^^^^^^^^^^^^^^^^^^^^^^^^^^
    )
    ^
  File "/Users/marioscordia/Desktop/fastapi-shop/backend/venv/lib/python3.14/site-packages/sqlalchemy/engine/base.py", line 1986, in _exec_single_context
    self._handle_dbapi_exception(
    ~~~~~~~~~~~~~~~~~~~~~~~~~~~~^
        e, str_statement, effective_parameters, cursor, context
        ^^^^^^^^^^^^^^^^^^^^^^^^^^^^^^^^^^^^^^^^^^^^^^^^^^^^^^^
    )
    ^
  File "/Users/marioscordia/Desktop/fastapi-shop/backend/venv/lib/python3.14/site-packages/sqlalchemy/engine/base.py", line 2363, in _handle_dbapi_exception
    raise sqlalchemy_exception.with_traceback(exc_info[2]) from e
  File "/Users/marioscordia/Desktop/fastapi-shop/backend/venv/lib/python3.14/site-packages/sqlalchemy/engine/base.py", line 1967, in _exec_single_context
    self.dialect.do_execute(
    ~~~~~~~~~~~~~~~~~~~~~~~^
        cursor, str_statement, effective_parameters, context
        ^^^^^^^^^^^^^^^^^^^^^^^^^^^^^^^^^^^^^^^^^^^^^^^^^^^^
    )
    ^
  File "/Users/marioscordia/Desktop/fastapi-shop/backend/venv/lib/python3.14/site-packages/sqlalchemy/engine/default.py", line 952, in do_execute
    cursor.execute(statement, parameters)
    ~~~~~~~~~~~~~~^^^^^^^^^^^^^^^^^^^^^^^
  File "/Users/marioscordia/Desktop/fastapi-shop/backend/venv/lib/python3.14/site-packages/psycopg/cursor.py", line 117, in execute
    raise ex.with_traceback(None)
sqlalchemy.exc.IntegrityError: (psycopg.errors.UniqueViolation) duplicate key value violates unique constraint "users_pkey"
DETAIL:  Key (id)=(35) already exists.
[SQL: INSERT INTO users (id, email, full_name, password_hash, role, is_active, created_at) VALUES (%(id)s::INTEGER, %(email)s::VARCHAR, %(full_name)s::VARCHAR, %(password_hash)s::VARCHAR, %(role)s::VARCHAR, %(is_active)s, %(created_at)s::TIMESTAMP WITHOUT TIME ZONE)]
[parameters: {'id': 35, 'email': 'qa_17752306086201@test.novacart.local', 'full_name': 'QA Test User', 'password_hash': 'pbkdf2_sha256$e8911f3a3282f6926022c2c27e388e76$E4IwkxFzm4+VgMmuHPBfN8L5Q65Yb6/e/3SEbVRCOio=', 'role': 'customer', 'is_active': True, 'created_at': datetime.datetime(2026, 4, 3, 15, 36, 48, 644964)}]
(Background on this error at: https://sqlalche.me/e/20/gkpj)
ERROR:    Exception in ASGI application
Traceback (most recent call last):
  File "/Users/marioscordia/Desktop/fastapi-shop/backend/venv/lib/python3.14/site-packages/sqlalchemy/engine/base.py", line 1967, in _exec_single_context
    self.dialect.do_execute(
    ~~~~~~~~~~~~~~~~~~~~~~~^
        cursor, str_statement, effective_parameters, context
        ^^^^^^^^^^^^^^^^^^^^^^^^^^^^^^^^^^^^^^^^^^^^^^^^^^^^
    )
    ^
  File "/Users/marioscordia/Desktop/fastapi-shop/backend/venv/lib/python3.14/site-packages/sqlalchemy/engine/default.py", line 952, in do_execute
    cursor.execute(statement, parameters)
    ~~~~~~~~~~~~~~^^^^^^^^^^^^^^^^^^^^^^^
  File "/Users/marioscordia/Desktop/fastapi-shop/backend/venv/lib/python3.14/site-packages/psycopg/cursor.py", line 117, in execute
    raise ex.with_traceback(None)
psycopg.errors.UniqueViolation: duplicate key value violates unique constraint "users_pkey"
DETAIL:  Key (id)=(35) already exists.

The above exception was the direct cause of the following exception:

Traceback (most recent call last):
  File "/Users/marioscordia/Desktop/fastapi-shop/backend/venv/lib/python3.14/site-packages/uvicorn/protocols/http/h11_impl.py", line 410, in run_asgi
    result = await app(  # type: ignore[func-returns-value]
             ^^^^^^^^^^^^^^^^^^^^^^^^^^^^^^^^^^^^^^^^^^^^^^
        self.scope, self.receive, self.send
        ^^^^^^^^^^^^^^^^^^^^^^^^^^^^^^^^^^^
    )
    ^
  File "/Users/marioscordia/Desktop/fastapi-shop/backend/venv/lib/python3.14/site-packages/uvicorn/middleware/proxy_headers.py", line 60, in __call__
    return await self.app(scope, receive, send)
           ^^^^^^^^^^^^^^^^^^^^^^^^^^^^^^^^^^^^
  File "/Users/marioscordia/Desktop/fastapi-shop/backend/venv/lib/python3.14/site-packages/fastapi/applications.py", line 1134, in __call__
    await super().__call__(scope, receive, send)
  File "/Users/marioscordia/Desktop/fastapi-shop/backend/venv/lib/python3.14/site-packages/starlette/applications.py", line 107, in __call__
    await self.middleware_stack(scope, receive, send)
  File "/Users/marioscordia/Desktop/fastapi-shop/backend/venv/lib/python3.14/site-packages/starlette/middleware/errors.py", line 186, in __call__
    raise exc
  File "/Users/marioscordia/Desktop/fastapi-shop/backend/venv/lib/python3.14/site-packages/starlette/middleware/errors.py", line 164, in __call__
    await self.app(scope, receive, _send)
  File "/Users/marioscordia/Desktop/fastapi-shop/backend/venv/lib/python3.14/site-packages/starlette/middleware/cors.py", line 87, in __call__
    await self.app(scope, receive, send)
  File "/Users/marioscordia/Desktop/fastapi-shop/backend/venv/lib/python3.14/site-packages/starlette/middleware/exceptions.py", line 63, in __call__
    await wrap_app_handling_exceptions(self.app, conn)(scope, receive, send)
  File "/Users/marioscordia/Desktop/fastapi-shop/backend/venv/lib/python3.14/site-packages/starlette/_exception_handler.py", line 53, in wrapped_app
    raise exc
  File "/Users/marioscordia/Desktop/fastapi-shop/backend/venv/lib/python3.14/site-packages/starlette/_exception_handler.py", line 42, in wrapped_app
    await app(scope, receive, sender)
  File "/Users/marioscordia/Desktop/fastapi-shop/backend/venv/lib/python3.14/site-packages/fastapi/middleware/asyncexitstack.py", line 18, in __call__
    await self.app(scope, receive, send)
  File "/Users/marioscordia/Desktop/fastapi-shop/backend/venv/lib/python3.14/site-packages/starlette/routing.py", line 716, in __call__
    await self.middleware_stack(scope, receive, send)
  File "/Users/marioscordia/Desktop/fastapi-shop/backend/venv/lib/python3.14/site-packages/starlette/routing.py", line 736, in app
    await route.handle(scope, receive, send)
  File "/Users/marioscordia/Desktop/fastapi-shop/backend/venv/lib/python3.14/site-packages/starlette/routing.py", line 290, in handle
    await self.app(scope, receive, send)
  File "/Users/marioscordia/Desktop/fastapi-shop/backend/venv/lib/python3.14/site-packages/fastapi/routing.py", line 119, in app
    await wrap_app_handling_exceptions(app, request)(scope, receive, send)
  File "/Users/marioscordia/Desktop/fastapi-shop/backend/venv/lib/python3.14/site-packages/starlette/_exception_handler.py", line 53, in wrapped_app
    raise exc
  File "/Users/marioscordia/Desktop/fastapi-shop/backend/venv/lib/python3.14/site-packages/starlette/_exception_handler.py", line 42, in wrapped_app
    await app(scope, receive, sender)
  File "/Users/marioscordia/Desktop/fastapi-shop/backend/venv/lib/python3.14/site-packages/fastapi/routing.py", line 105, in app
    response = await f(request)
               ^^^^^^^^^^^^^^^^
  File "/Users/marioscordia/Desktop/fastapi-shop/backend/venv/lib/python3.14/site-packages/fastapi/routing.py", line 424, in app
    raw_response = await run_endpoint_function(
                   ^^^^^^^^^^^^^^^^^^^^^^^^^^^^
    ...<3 lines>...
    )
    ^
  File "/Users/marioscordia/Desktop/fastapi-shop/backend/venv/lib/python3.14/site-packages/fastapi/routing.py", line 314, in run_endpoint_function
    return await run_in_threadpool(dependant.call, **values)
           ^^^^^^^^^^^^^^^^^^^^^^^^^^^^^^^^^^^^^^^^^^^^^^^^^
  File "/Users/marioscordia/Desktop/fastapi-shop/backend/venv/lib/python3.14/site-packages/starlette/concurrency.py", line 32, in run_in_threadpool
    return await anyio.to_thread.run_sync(func)
           ^^^^^^^^^^^^^^^^^^^^^^^^^^^^^^^^^^^^
  File "/Users/marioscordia/Desktop/fastapi-shop/backend/venv/lib/python3.14/site-packages/anyio/to_thread.py", line 63, in run_sync
    return await get_async_backend().run_sync_in_worker_thread(
           ^^^^^^^^^^^^^^^^^^^^^^^^^^^^^^^^^^^^^^^^^^^^^^^^^^^^
        func, args, abandon_on_cancel=abandon_on_cancel, limiter=limiter
        ^^^^^^^^^^^^^^^^^^^^^^^^^^^^^^^^^^^^^^^^^^^^^^^^^^^^^^^^^^^^^^^^
    )
    ^
  File "/Users/marioscordia/Desktop/fastapi-shop/backend/venv/lib/python3.14/site-packages/anyio/_backends/_asyncio.py", line 2502, in run_sync_in_worker_thread
    return await future
           ^^^^^^^^^^^^
  File "/Users/marioscordia/Desktop/fastapi-shop/backend/venv/lib/python3.14/site-packages/anyio/_backends/_asyncio.py", line 986, in run
    result = context.run(func, *args)
  File "/Users/marioscordia/Desktop/qualityassurance/app/presentation/api/routers/auth.py", line 15, in register
    return services.auth.register(payload)
           ~~~~~~~~~~~~~~~~~~~~~~^^^^^^^^^
  File "/Users/marioscordia/Desktop/qualityassurance/app/application/services.py", line 344, in register
    created = self.users.create(user)
  File "/Users/marioscordia/Desktop/qualityassurance/app/infrastructure/repositories/sqlalchemy.py", line 116, in create
    self.session.flush()
    ~~~~~~~~~~~~~~~~~~^^
  File "/Users/marioscordia/Desktop/fastapi-shop/backend/venv/lib/python3.14/site-packages/sqlalchemy/orm/session.py", line 4331, in flush
    self._flush(objects)
    ~~~~~~~~~~~^^^^^^^^^
  File "/Users/marioscordia/Desktop/fastapi-shop/backend/venv/lib/python3.14/site-packages/sqlalchemy/orm/session.py", line 4466, in _flush
    with util.safe_reraise():
         ~~~~~~~~~~~~~~~~~^^
  File "/Users/marioscordia/Desktop/fastapi-shop/backend/venv/lib/python3.14/site-packages/sqlalchemy/util/langhelpers.py", line 224, in __exit__
    raise exc_value.with_traceback(exc_tb)
  File "/Users/marioscordia/Desktop/fastapi-shop/backend/venv/lib/python3.14/site-packages/sqlalchemy/orm/session.py", line 4427, in _flush
    flush_context.execute()
    ~~~~~~~~~~~~~~~~~~~~~^^
  File "/Users/marioscordia/Desktop/fastapi-shop/backend/venv/lib/python3.14/site-packages/sqlalchemy/orm/unitofwork.py", line 466, in execute
    rec.execute(self)
    ~~~~~~~~~~~^^^^^^
  File "/Users/marioscordia/Desktop/fastapi-shop/backend/venv/lib/python3.14/site-packages/sqlalchemy/orm/unitofwork.py", line 642, in execute
    util.preloaded.orm_persistence.save_obj(
    ~~~~~~~~~~~~~~~~~~~~~~~~~~~~~~~~~~~~~~~^
        self.mapper,
        ^^^^^^^^^^^^
        uow.states_for_mapper_hierarchy(self.mapper, False, False),
        ^^^^^^^^^^^^^^^^^^^^^^^^^^^^^^^^^^^^^^^^^^^^^^^^^^^^^^^^^^^
        uow,
        ^^^^
    )
    ^
  File "/Users/marioscordia/Desktop/fastapi-shop/backend/venv/lib/python3.14/site-packages/sqlalchemy/orm/persistence.py", line 93, in save_obj
    _emit_insert_statements(
    ~~~~~~~~~~~~~~~~~~~~~~~^
        base_mapper,
        ^^^^^^^^^^^^
    ...<3 lines>...
        insert,
        ^^^^^^^
    )
    ^
  File "/Users/marioscordia/Desktop/fastapi-shop/backend/venv/lib/python3.14/site-packages/sqlalchemy/orm/persistence.py", line 1048, in _emit_insert_statements
    result = connection.execute(
        statement, multiparams, execution_options=execution_options
    )
  File "/Users/marioscordia/Desktop/fastapi-shop/backend/venv/lib/python3.14/site-packages/sqlalchemy/engine/base.py", line 1419, in execute
    return meth(
        self,
        distilled_parameters,
        execution_options or NO_OPTIONS,
    )
  File "/Users/marioscordia/Desktop/fastapi-shop/backend/venv/lib/python3.14/site-packages/sqlalchemy/sql/elements.py", line 527, in _execute_on_connection
    return connection._execute_clauseelement(
           ~~~~~~~~~~~~~~~~~~~~~~~~~~~~~~~~~^
        self, distilled_params, execution_options
        ^^^^^^^^^^^^^^^^^^^^^^^^^^^^^^^^^^^^^^^^^
    )
    ^
  File "/Users/marioscordia/Desktop/fastapi-shop/backend/venv/lib/python3.14/site-packages/sqlalchemy/engine/base.py", line 1641, in _execute_clauseelement
    ret = self._execute_context(
        dialect,
    ...<8 lines>...
        cache_hit=cache_hit,
    )
  File "/Users/marioscordia/Desktop/fastapi-shop/backend/venv/lib/python3.14/site-packages/sqlalchemy/engine/base.py", line 1846, in _execute_context
    return self._exec_single_context(
           ~~~~~~~~~~~~~~~~~~~~~~~~~^
        dialect, context, statement, parameters
        ^^^^^^^^^^^^^^^^^^^^^^^^^^^^^^^^^^^^^^^
    )
    ^
  File "/Users/marioscordia/Desktop/fastapi-shop/backend/venv/lib/python3.14/site-packages/sqlalchemy/engine/base.py", line 1986, in _exec_single_context
    self._handle_dbapi_exception(
    ~~~~~~~~~~~~~~~~~~~~~~~~~~~~^
        e, str_statement, effective_parameters, cursor, context
        ^^^^^^^^^^^^^^^^^^^^^^^^^^^^^^^^^^^^^^^^^^^^^^^^^^^^^^^
    )
    ^
  File "/Users/marioscordia/Desktop/fastapi-shop/backend/venv/lib/python3.14/site-packages/sqlalchemy/engine/base.py", line 2363, in _handle_dbapi_exception
    raise sqlalchemy_exception.with_traceback(exc_info[2]) from e
  File "/Users/marioscordia/Desktop/fastapi-shop/backend/venv/lib/python3.14/site-packages/sqlalchemy/engine/base.py", line 1967, in _exec_single_context
    self.dialect.do_execute(
    ~~~~~~~~~~~~~~~~~~~~~~~^
        cursor, str_statement, effective_parameters, context
        ^^^^^^^^^^^^^^^^^^^^^^^^^^^^^^^^^^^^^^^^^^^^^^^^^^^^
    )
    ^
  File "/Users/marioscordia/Desktop/fastapi-shop/backend/venv/lib/python3.14/site-packages/sqlalchemy/engine/default.py", line 952, in do_execute
    cursor.execute(statement, parameters)
    ~~~~~~~~~~~~~~^^^^^^^^^^^^^^^^^^^^^^^
  File "/Users/marioscordia/Desktop/fastapi-shop/backend/venv/lib/python3.14/site-packages/psycopg/cursor.py", line 117, in execute
    raise ex.with_traceback(None)
sqlalchemy.exc.IntegrityError: (psycopg.errors.UniqueViolation) duplicate key value violates unique constraint "users_pkey"
DETAIL:  Key (id)=(35) already exists.
[SQL: INSERT INTO users (id, email, full_name, password_hash, role, is_active, created_at) VALUES (%(id)s::INTEGER, %(email)s::VARCHAR, %(full_name)s::VARCHAR, %(password_hash)s::VARCHAR, %(role)s::VARCHAR, %(is_active)s, %(created_at)s::TIMESTAMP WITHOUT TIME ZONE)]
[parameters: {'id': 35, 'email': 'qa_17752306086201@test.novacart.local', 'full_name': 'QA Test User', 'password_hash': 'pbkdf2_sha256$1f332f39ce647ded70ec83903b440975$V3LV84J7XiPVtRAx7YJwXhlSlA3ilTHt82UDnTfxa30=', 'role': 'customer', 'is_active': True, 'created_at': datetime.datetime(2026, 4, 3, 15, 36, 48, 644428)}]
(Background on this error at: https://sqlalche.me/e/20/gkpj)
ERROR:    Exception in ASGI application
Traceback (most recent call last):
  File "/Users/marioscordia/Desktop/fastapi-shop/backend/venv/lib/python3.14/site-packages/sqlalchemy/engine/base.py", line 1967, in _exec_single_context
    self.dialect.do_execute(
    ~~~~~~~~~~~~~~~~~~~~~~~^
        cursor, str_statement, effective_parameters, context
        ^^^^^^^^^^^^^^^^^^^^^^^^^^^^^^^^^^^^^^^^^^^^^^^^^^^^
    )
    ^
  File "/Users/marioscordia/Desktop/fastapi-shop/backend/venv/lib/python3.14/site-packages/sqlalchemy/engine/default.py", line 952, in do_execute
    cursor.execute(statement, parameters)
    ~~~~~~~~~~~~~~^^^^^^^^^^^^^^^^^^^^^^^
  File "/Users/marioscordia/Desktop/fastapi-shop/backend/venv/lib/python3.14/site-packages/psycopg/cursor.py", line 117, in execute
    raise ex.with_traceback(None)
psycopg.errors.UniqueViolation: duplicate key value violates unique constraint "users_pkey"
DETAIL:  Key (id)=(35) already exists.

The above exception was the direct cause of the following exception:

Traceback (most recent call last):
  File "/Users/marioscordia/Desktop/fastapi-shop/backend/venv/lib/python3.14/site-packages/uvicorn/protocols/http/h11_impl.py", line 410, in run_asgi
    result = await app(  # type: ignore[func-returns-value]
             ^^^^^^^^^^^^^^^^^^^^^^^^^^^^^^^^^^^^^^^^^^^^^^
        self.scope, self.receive, self.send
        ^^^^^^^^^^^^^^^^^^^^^^^^^^^^^^^^^^^
    )
    ^
  File "/Users/marioscordia/Desktop/fastapi-shop/backend/venv/lib/python3.14/site-packages/uvicorn/middleware/proxy_headers.py", line 60, in __call__
    return await self.app(scope, receive, send)
           ^^^^^^^^^^^^^^^^^^^^^^^^^^^^^^^^^^^^
  File "/Users/marioscordia/Desktop/fastapi-shop/backend/venv/lib/python3.14/site-packages/fastapi/applications.py", line 1134, in __call__
    await super().__call__(scope, receive, send)
  File "/Users/marioscordia/Desktop/fastapi-shop/backend/venv/lib/python3.14/site-packages/starlette/applications.py", line 107, in __call__
    await self.middleware_stack(scope, receive, send)
  File "/Users/marioscordia/Desktop/fastapi-shop/backend/venv/lib/python3.14/site-packages/starlette/middleware/errors.py", line 186, in __call__
    raise exc
  File "/Users/marioscordia/Desktop/fastapi-shop/backend/venv/lib/python3.14/site-packages/starlette/middleware/errors.py", line 164, in __call__
    await self.app(scope, receive, _send)
  File "/Users/marioscordia/Desktop/fastapi-shop/backend/venv/lib/python3.14/site-packages/starlette/middleware/cors.py", line 87, in __call__
    await self.app(scope, receive, send)
  File "/Users/marioscordia/Desktop/fastapi-shop/backend/venv/lib/python3.14/site-packages/starlette/middleware/exceptions.py", line 63, in __call__
    await wrap_app_handling_exceptions(self.app, conn)(scope, receive, send)
  File "/Users/marioscordia/Desktop/fastapi-shop/backend/venv/lib/python3.14/site-packages/starlette/_exception_handler.py", line 53, in wrapped_app
    raise exc
  File "/Users/marioscordia/Desktop/fastapi-shop/backend/venv/lib/python3.14/site-packages/starlette/_exception_handler.py", line 42, in wrapped_app
    await app(scope, receive, sender)
  File "/Users/marioscordia/Desktop/fastapi-shop/backend/venv/lib/python3.14/site-packages/fastapi/middleware/asyncexitstack.py", line 18, in __call__
    await self.app(scope, receive, send)
  File "/Users/marioscordia/Desktop/fastapi-shop/backend/venv/lib/python3.14/site-packages/starlette/routing.py", line 716, in __call__
    await self.middleware_stack(scope, receive, send)
  File "/Users/marioscordia/Desktop/fastapi-shop/backend/venv/lib/python3.14/site-packages/starlette/routing.py", line 736, in app
    await route.handle(scope, receive, send)
  File "/Users/marioscordia/Desktop/fastapi-shop/backend/venv/lib/python3.14/site-packages/starlette/routing.py", line 290, in handle
    await self.app(scope, receive, send)
  File "/Users/marioscordia/Desktop/fastapi-shop/backend/venv/lib/python3.14/site-packages/fastapi/routing.py", line 119, in app
    await wrap_app_handling_exceptions(app, request)(scope, receive, send)
  File "/Users/marioscordia/Desktop/fastapi-shop/backend/venv/lib/python3.14/site-packages/starlette/_exception_handler.py", line 53, in wrapped_app
    raise exc
  File "/Users/marioscordia/Desktop/fastapi-shop/backend/venv/lib/python3.14/site-packages/starlette/_exception_handler.py", line 42, in wrapped_app
    await app(scope, receive, sender)
  File "/Users/marioscordia/Desktop/fastapi-shop/backend/venv/lib/python3.14/site-packages/fastapi/routing.py", line 105, in app
    response = await f(request)
               ^^^^^^^^^^^^^^^^
  File "/Users/marioscordia/Desktop/fastapi-shop/backend/venv/lib/python3.14/site-packages/fastapi/routing.py", line 424, in app
    raw_response = await run_endpoint_function(
                   ^^^^^^^^^^^^^^^^^^^^^^^^^^^^
    ...<3 lines>...
    )
    ^
  File "/Users/marioscordia/Desktop/fastapi-shop/backend/venv/lib/python3.14/site-packages/fastapi/routing.py", line 314, in run_endpoint_function
    return await run_in_threadpool(dependant.call, **values)
           ^^^^^^^^^^^^^^^^^^^^^^^^^^^^^^^^^^^^^^^^^^^^^^^^^
  File "/Users/marioscordia/Desktop/fastapi-shop/backend/venv/lib/python3.14/site-packages/starlette/concurrency.py", line 32, in run_in_threadpool
    return await anyio.to_thread.run_sync(func)
           ^^^^^^^^^^^^^^^^^^^^^^^^^^^^^^^^^^^^
  File "/Users/marioscordia/Desktop/fastapi-shop/backend/venv/lib/python3.14/site-packages/anyio/to_thread.py", line 63, in run_sync
    return await get_async_backend().run_sync_in_worker_thread(
           ^^^^^^^^^^^^^^^^^^^^^^^^^^^^^^^^^^^^^^^^^^^^^^^^^^^^
        func, args, abandon_on_cancel=abandon_on_cancel, limiter=limiter
        ^^^^^^^^^^^^^^^^^^^^^^^^^^^^^^^^^^^^^^^^^^^^^^^^^^^^^^^^^^^^^^^^
    )
    ^
  File "/Users/marioscordia/Desktop/fastapi-shop/backend/venv/lib/python3.14/site-packages/anyio/_backends/_asyncio.py", line 2502, in run_sync_in_worker_thread
    return await future
           ^^^^^^^^^^^^
  File "/Users/marioscordia/Desktop/fastapi-shop/backend/venv/lib/python3.14/site-packages/anyio/_backends/_asyncio.py", line 986, in run
    result = context.run(func, *args)
  File "/Users/marioscordia/Desktop/qualityassurance/app/presentation/api/routers/auth.py", line 15, in register
    return services.auth.register(payload)
           ~~~~~~~~~~~~~~~~~~~~~~^^^^^^^^^
  File "/Users/marioscordia/Desktop/qualityassurance/app/application/services.py", line 344, in register
    created = self.users.create(user)
  File "/Users/marioscordia/Desktop/qualityassurance/app/infrastructure/repositories/sqlalchemy.py", line 116, in create
    self.session.flush()
    ~~~~~~~~~~~~~~~~~~^^
  File "/Users/marioscordia/Desktop/fastapi-shop/backend/venv/lib/python3.14/site-packages/sqlalchemy/orm/session.py", line 4331, in flush
    self._flush(objects)
    ~~~~~~~~~~~^^^^^^^^^
  File "/Users/marioscordia/Desktop/fastapi-shop/backend/venv/lib/python3.14/site-packages/sqlalchemy/orm/session.py", line 4466, in _flush
    with util.safe_reraise():
         ~~~~~~~~~~~~~~~~~^^
  File "/Users/marioscordia/Desktop/fastapi-shop/backend/venv/lib/python3.14/site-packages/sqlalchemy/util/langhelpers.py", line 224, in __exit__
    raise exc_value.with_traceback(exc_tb)
  File "/Users/marioscordia/Desktop/fastapi-shop/backend/venv/lib/python3.14/site-packages/sqlalchemy/orm/session.py", line 4427, in _flush
    flush_context.execute()
    ~~~~~~~~~~~~~~~~~~~~~^^
  File "/Users/marioscordia/Desktop/fastapi-shop/backend/venv/lib/python3.14/site-packages/sqlalchemy/orm/unitofwork.py", line 466, in execute
    rec.execute(self)
    ~~~~~~~~~~~^^^^^^
  File "/Users/marioscordia/Desktop/fastapi-shop/backend/venv/lib/python3.14/site-packages/sqlalchemy/orm/unitofwork.py", line 642, in execute
    util.preloaded.orm_persistence.save_obj(
    ~~~~~~~~~~~~~~~~~~~~~~~~~~~~~~~~~~~~~~~^
        self.mapper,
        ^^^^^^^^^^^^
        uow.states_for_mapper_hierarchy(self.mapper, False, False),
        ^^^^^^^^^^^^^^^^^^^^^^^^^^^^^^^^^^^^^^^^^^^^^^^^^^^^^^^^^^^
        uow,
        ^^^^
    )
    ^
  File "/Users/marioscordia/Desktop/fastapi-shop/backend/venv/lib/python3.14/site-packages/sqlalchemy/orm/persistence.py", line 93, in save_obj
    _emit_insert_statements(
    ~~~~~~~~~~~~~~~~~~~~~~~^
        base_mapper,
        ^^^^^^^^^^^^
    ...<3 lines>...
        insert,
        ^^^^^^^
    )
    ^
  File "/Users/marioscordia/Desktop/fastapi-shop/backend/venv/lib/python3.14/site-packages/sqlalchemy/orm/persistence.py", line 1048, in _emit_insert_statements
    result = connection.execute(
        statement, multiparams, execution_options=execution_options
    )
  File "/Users/marioscordia/Desktop/fastapi-shop/backend/venv/lib/python3.14/site-packages/sqlalchemy/engine/base.py", line 1419, in execute
    return meth(
        self,
        distilled_parameters,
        execution_options or NO_OPTIONS,
    )
  File "/Users/marioscordia/Desktop/fastapi-shop/backend/venv/lib/python3.14/site-packages/sqlalchemy/sql/elements.py", line 527, in _execute_on_connection
    return connection._execute_clauseelement(
           ~~~~~~~~~~~~~~~~~~~~~~~~~~~~~~~~~^
        self, distilled_params, execution_options
        ^^^^^^^^^^^^^^^^^^^^^^^^^^^^^^^^^^^^^^^^^
    )
    ^
  File "/Users/marioscordia/Desktop/fastapi-shop/backend/venv/lib/python3.14/site-packages/sqlalchemy/engine/base.py", line 1641, in _execute_clauseelement
    ret = self._execute_context(
        dialect,
    ...<8 lines>...
        cache_hit=cache_hit,
    )
  File "/Users/marioscordia/Desktop/fastapi-shop/backend/venv/lib/python3.14/site-packages/sqlalchemy/engine/base.py", line 1846, in _execute_context
    return self._exec_single_context(
           ~~~~~~~~~~~~~~~~~~~~~~~~~^
        dialect, context, statement, parameters
        ^^^^^^^^^^^^^^^^^^^^^^^^^^^^^^^^^^^^^^^
    )
    ^
  File "/Users/marioscordia/Desktop/fastapi-shop/backend/venv/lib/python3.14/site-packages/sqlalchemy/engine/base.py", line 1986, in _exec_single_context
    self._handle_dbapi_exception(
    ~~~~~~~~~~~~~~~~~~~~~~~~~~~~^
        e, str_statement, effective_parameters, cursor, context
        ^^^^^^^^^^^^^^^^^^^^^^^^^^^^^^^^^^^^^^^^^^^^^^^^^^^^^^^
    )
    ^
  File "/Users/marioscordia/Desktop/fastapi-shop/backend/venv/lib/python3.14/site-packages/sqlalchemy/engine/base.py", line 2363, in _handle_dbapi_exception
    raise sqlalchemy_exception.with_traceback(exc_info[2]) from e
  File "/Users/marioscordia/Desktop/fastapi-shop/backend/venv/lib/python3.14/site-packages/sqlalchemy/engine/base.py", line 1967, in _exec_single_context
    self.dialect.do_execute(
    ~~~~~~~~~~~~~~~~~~~~~~~^
        cursor, str_statement, effective_parameters, context
        ^^^^^^^^^^^^^^^^^^^^^^^^^^^^^^^^^^^^^^^^^^^^^^^^^^^^
    )
    ^
  File "/Users/marioscordia/Desktop/fastapi-shop/backend/venv/lib/python3.14/site-packages/sqlalchemy/engine/default.py", line 952, in do_execute
    cursor.execute(statement, parameters)
    ~~~~~~~~~~~~~~^^^^^^^^^^^^^^^^^^^^^^^
  File "/Users/marioscordia/Desktop/fastapi-shop/backend/venv/lib/python3.14/site-packages/psycopg/cursor.py", line 117, in execute
    raise ex.with_traceback(None)
sqlalchemy.exc.IntegrityError: (psycopg.errors.UniqueViolation) duplicate key value violates unique constraint "users_pkey"
DETAIL:  Key (id)=(35) already exists.
[SQL: INSERT INTO users (id, email, full_name, password_hash, role, is_active, created_at) VALUES (%(id)s::INTEGER, %(email)s::VARCHAR, %(full_name)s::VARCHAR, %(password_hash)s::VARCHAR, %(role)s::VARCHAR, %(is_active)s, %(created_at)s::TIMESTAMP WITHOUT TIME ZONE)]
[parameters: {'id': 35, 'email': 'qa_17752306086201@test.novacart.local', 'full_name': 'QA Test User', 'password_hash': 'pbkdf2_sha256$ba5e93aa97b61ba5ce70bf56ff2b5dfc$L/MkrCJ5OT0eAaj6GgWW0/QH/rYUk0eUSdxdHXhsAns=', 'role': 'customer', 'is_active': True, 'created_at': datetime.datetime(2026, 4, 3, 15, 36, 48, 644814)}]
(Background on this error at: https://sqlalche.me/e/20/gkpj)
ERROR:    Exception in ASGI application
Traceback (most recent call last):
  File "/Users/marioscordia/Desktop/fastapi-shop/backend/venv/lib/python3.14/site-packages/sqlalchemy/engine/base.py", line 1967, in _exec_single_context
    self.dialect.do_execute(
    ~~~~~~~~~~~~~~~~~~~~~~~^
        cursor, str_statement, effective_parameters, context
        ^^^^^^^^^^^^^^^^^^^^^^^^^^^^^^^^^^^^^^^^^^^^^^^^^^^^
    )
    ^
  File "/Users/marioscordia/Desktop/fastapi-shop/backend/venv/lib/python3.14/site-packages/sqlalchemy/engine/default.py", line 952, in do_execute
    cursor.execute(statement, parameters)
    ~~~~~~~~~~~~~~^^^^^^^^^^^^^^^^^^^^^^^
  File "/Users/marioscordia/Desktop/fastapi-shop/backend/venv/lib/python3.14/site-packages/psycopg/cursor.py", line 117, in execute
    raise ex.with_traceback(None)
psycopg.errors.UniqueViolation: duplicate key value violates unique constraint "users_pkey"
DETAIL:  Key (id)=(37) already exists.

The above exception was the direct cause of the following exception:

Traceback (most recent call last):
  File "/Users/marioscordia/Desktop/fastapi-shop/backend/venv/lib/python3.14/site-packages/uvicorn/protocols/http/h11_impl.py", line 410, in run_asgi
    result = await app(  # type: ignore[func-returns-value]
             ^^^^^^^^^^^^^^^^^^^^^^^^^^^^^^^^^^^^^^^^^^^^^^
        self.scope, self.receive, self.send
        ^^^^^^^^^^^^^^^^^^^^^^^^^^^^^^^^^^^
    )
    ^
  File "/Users/marioscordia/Desktop/fastapi-shop/backend/venv/lib/python3.14/site-packages/uvicorn/middleware/proxy_headers.py", line 60, in __call__
    return await self.app(scope, receive, send)
           ^^^^^^^^^^^^^^^^^^^^^^^^^^^^^^^^^^^^
  File "/Users/marioscordia/Desktop/fastapi-shop/backend/venv/lib/python3.14/site-packages/fastapi/applications.py", line 1134, in __call__
    await super().__call__(scope, receive, send)
  File "/Users/marioscordia/Desktop/fastapi-shop/backend/venv/lib/python3.14/site-packages/starlette/applications.py", line 107, in __call__
    await self.middleware_stack(scope, receive, send)
  File "/Users/marioscordia/Desktop/fastapi-shop/backend/venv/lib/python3.14/site-packages/starlette/middleware/errors.py", line 186, in __call__
    raise exc
  File "/Users/marioscordia/Desktop/fastapi-shop/backend/venv/lib/python3.14/site-packages/starlette/middleware/errors.py", line 164, in __call__
    await self.app(scope, receive, _send)
  File "/Users/marioscordia/Desktop/fastapi-shop/backend/venv/lib/python3.14/site-packages/starlette/middleware/cors.py", line 87, in __call__
    await self.app(scope, receive, send)
  File "/Users/marioscordia/Desktop/fastapi-shop/backend/venv/lib/python3.14/site-packages/starlette/middleware/exceptions.py", line 63, in __call__
    await wrap_app_handling_exceptions(self.app, conn)(scope, receive, send)
  File "/Users/marioscordia/Desktop/fastapi-shop/backend/venv/lib/python3.14/site-packages/starlette/_exception_handler.py", line 53, in wrapped_app
    raise exc
  File "/Users/marioscordia/Desktop/fastapi-shop/backend/venv/lib/python3.14/site-packages/starlette/_exception_handler.py", line 42, in wrapped_app
    await app(scope, receive, sender)
  File "/Users/marioscordia/Desktop/fastapi-shop/backend/venv/lib/python3.14/site-packages/fastapi/middleware/asyncexitstack.py", line 18, in __call__
    await self.app(scope, receive, send)
  File "/Users/marioscordia/Desktop/fastapi-shop/backend/venv/lib/python3.14/site-packages/starlette/routing.py", line 716, in __call__
    await self.middleware_stack(scope, receive, send)
  File "/Users/marioscordia/Desktop/fastapi-shop/backend/venv/lib/python3.14/site-packages/starlette/routing.py", line 736, in app
    await route.handle(scope, receive, send)
  File "/Users/marioscordia/Desktop/fastapi-shop/backend/venv/lib/python3.14/site-packages/starlette/routing.py", line 290, in handle
    await self.app(scope, receive, send)
  File "/Users/marioscordia/Desktop/fastapi-shop/backend/venv/lib/python3.14/site-packages/fastapi/routing.py", line 119, in app
    await wrap_app_handling_exceptions(app, request)(scope, receive, send)
  File "/Users/marioscordia/Desktop/fastapi-shop/backend/venv/lib/python3.14/site-packages/starlette/_exception_handler.py", line 53, in wrapped_app
    raise exc
  File "/Users/marioscordia/Desktop/fastapi-shop/backend/venv/lib/python3.14/site-packages/starlette/_exception_handler.py", line 42, in wrapped_app
    await app(scope, receive, sender)
  File "/Users/marioscordia/Desktop/fastapi-shop/backend/venv/lib/python3.14/site-packages/fastapi/routing.py", line 105, in app
    response = await f(request)
               ^^^^^^^^^^^^^^^^
  File "/Users/marioscordia/Desktop/fastapi-shop/backend/venv/lib/python3.14/site-packages/fastapi/routing.py", line 424, in app
    raw_response = await run_endpoint_function(
                   ^^^^^^^^^^^^^^^^^^^^^^^^^^^^
    ...<3 lines>...
    )
    ^
  File "/Users/marioscordia/Desktop/fastapi-shop/backend/venv/lib/python3.14/site-packages/fastapi/routing.py", line 314, in run_endpoint_function
    return await run_in_threadpool(dependant.call, **values)
           ^^^^^^^^^^^^^^^^^^^^^^^^^^^^^^^^^^^^^^^^^^^^^^^^^
  File "/Users/marioscordia/Desktop/fastapi-shop/backend/venv/lib/python3.14/site-packages/starlette/concurrency.py", line 32, in run_in_threadpool
    return await anyio.to_thread.run_sync(func)
           ^^^^^^^^^^^^^^^^^^^^^^^^^^^^^^^^^^^^
  File "/Users/marioscordia/Desktop/fastapi-shop/backend/venv/lib/python3.14/site-packages/anyio/to_thread.py", line 63, in run_sync
    return await get_async_backend().run_sync_in_worker_thread(
           ^^^^^^^^^^^^^^^^^^^^^^^^^^^^^^^^^^^^^^^^^^^^^^^^^^^^
        func, args, abandon_on_cancel=abandon_on_cancel, limiter=limiter
        ^^^^^^^^^^^^^^^^^^^^^^^^^^^^^^^^^^^^^^^^^^^^^^^^^^^^^^^^^^^^^^^^
    )
    ^
  File "/Users/marioscordia/Desktop/fastapi-shop/backend/venv/lib/python3.14/site-packages/anyio/_backends/_asyncio.py", line 2502, in run_sync_in_worker_thread
    return await future
           ^^^^^^^^^^^^
  File "/Users/marioscordia/Desktop/fastapi-shop/backend/venv/lib/python3.14/site-packages/anyio/_backends/_asyncio.py", line 986, in run
    result = context.run(func, *args)
  File "/Users/marioscordia/Desktop/qualityassurance/app/presentation/api/routers/auth.py", line 15, in register
    return services.auth.register(payload)
           ~~~~~~~~~~~~~~~~~~~~~~^^^^^^^^^
  File "/Users/marioscordia/Desktop/qualityassurance/app/application/services.py", line 344, in register
    created = self.users.create(user)
  File "/Users/marioscordia/Desktop/qualityassurance/app/infrastructure/repositories/sqlalchemy.py", line 116, in create
    self.session.flush()
    ~~~~~~~~~~~~~~~~~~^^
  File "/Users/marioscordia/Desktop/fastapi-shop/backend/venv/lib/python3.14/site-packages/sqlalchemy/orm/session.py", line 4331, in flush
    self._flush(objects)
    ~~~~~~~~~~~^^^^^^^^^
  File "/Users/marioscordia/Desktop/fastapi-shop/backend/venv/lib/python3.14/site-packages/sqlalchemy/orm/session.py", line 4466, in _flush
    with util.safe_reraise():
         ~~~~~~~~~~~~~~~~~^^
  File "/Users/marioscordia/Desktop/fastapi-shop/backend/venv/lib/python3.14/site-packages/sqlalchemy/util/langhelpers.py", line 224, in __exit__
    raise exc_value.with_traceback(exc_tb)
  File "/Users/marioscordia/Desktop/fastapi-shop/backend/venv/lib/python3.14/site-packages/sqlalchemy/orm/session.py", line 4427, in _flush
    flush_context.execute()
    ~~~~~~~~~~~~~~~~~~~~~^^
  File "/Users/marioscordia/Desktop/fastapi-shop/backend/venv/lib/python3.14/site-packages/sqlalchemy/orm/unitofwork.py", line 466, in execute
    rec.execute(self)
    ~~~~~~~~~~~^^^^^^
  File "/Users/marioscordia/Desktop/fastapi-shop/backend/venv/lib/python3.14/site-packages/sqlalchemy/orm/unitofwork.py", line 642, in execute
    util.preloaded.orm_persistence.save_obj(
    ~~~~~~~~~~~~~~~~~~~~~~~~~~~~~~~~~~~~~~~^
        self.mapper,
        ^^^^^^^^^^^^
        uow.states_for_mapper_hierarchy(self.mapper, False, False),
        ^^^^^^^^^^^^^^^^^^^^^^^^^^^^^^^^^^^^^^^^^^^^^^^^^^^^^^^^^^^
        uow,
        ^^^^
    )
    ^
  File "/Users/marioscordia/Desktop/fastapi-shop/backend/venv/lib/python3.14/site-packages/sqlalchemy/orm/persistence.py", line 93, in save_obj
    _emit_insert_statements(
    ~~~~~~~~~~~~~~~~~~~~~~~^
        base_mapper,
        ^^^^^^^^^^^^
    ...<3 lines>...
        insert,
        ^^^^^^^
    )
    ^
  File "/Users/marioscordia/Desktop/fastapi-shop/backend/venv/lib/python3.14/site-packages/sqlalchemy/orm/persistence.py", line 1048, in _emit_insert_statements
    result = connection.execute(
        statement, multiparams, execution_options=execution_options
    )
  File "/Users/marioscordia/Desktop/fastapi-shop/backend/venv/lib/python3.14/site-packages/sqlalchemy/engine/base.py", line 1419, in execute
    return meth(
        self,
        distilled_parameters,
        execution_options or NO_OPTIONS,
    )
  File "/Users/marioscordia/Desktop/fastapi-shop/backend/venv/lib/python3.14/site-packages/sqlalchemy/sql/elements.py", line 527, in _execute_on_connection
    return connection._execute_clauseelement(
           ~~~~~~~~~~~~~~~~~~~~~~~~~~~~~~~~~^
        self, distilled_params, execution_options
        ^^^^^^^^^^^^^^^^^^^^^^^^^^^^^^^^^^^^^^^^^
    )
    ^
  File "/Users/marioscordia/Desktop/fastapi-shop/backend/venv/lib/python3.14/site-packages/sqlalchemy/engine/base.py", line 1641, in _execute_clauseelement
    ret = self._execute_context(
        dialect,
    ...<8 lines>...
        cache_hit=cache_hit,
    )
  File "/Users/marioscordia/Desktop/fastapi-shop/backend/venv/lib/python3.14/site-packages/sqlalchemy/engine/base.py", line 1846, in _execute_context
    return self._exec_single_context(
           ~~~~~~~~~~~~~~~~~~~~~~~~~^
        dialect, context, statement, parameters
        ^^^^^^^^^^^^^^^^^^^^^^^^^^^^^^^^^^^^^^^
    )
    ^
  File "/Users/marioscordia/Desktop/fastapi-shop/backend/venv/lib/python3.14/site-packages/sqlalchemy/engine/base.py", line 1986, in _exec_single_context
    self._handle_dbapi_exception(
    ~~~~~~~~~~~~~~~~~~~~~~~~~~~~^
        e, str_statement, effective_parameters, cursor, context
        ^^^^^^^^^^^^^^^^^^^^^^^^^^^^^^^^^^^^^^^^^^^^^^^^^^^^^^^
    )
    ^
  File "/Users/marioscordia/Desktop/fastapi-shop/backend/venv/lib/python3.14/site-packages/sqlalchemy/engine/base.py", line 2363, in _handle_dbapi_exception
    raise sqlalchemy_exception.with_traceback(exc_info[2]) from e
  File "/Users/marioscordia/Desktop/fastapi-shop/backend/venv/lib/python3.14/site-packages/sqlalchemy/engine/base.py", line 1967, in _exec_single_context
    self.dialect.do_execute(
    ~~~~~~~~~~~~~~~~~~~~~~~^
        cursor, str_statement, effective_parameters, context
        ^^^^^^^^^^^^^^^^^^^^^^^^^^^^^^^^^^^^^^^^^^^^^^^^^^^^
    )
    ^
  File "/Users/marioscordia/Desktop/fastapi-shop/backend/venv/lib/python3.14/site-packages/sqlalchemy/engine/default.py", line 952, in do_execute
    cursor.execute(statement, parameters)
    ~~~~~~~~~~~~~~^^^^^^^^^^^^^^^^^^^^^^^
  File "/Users/marioscordia/Desktop/fastapi-shop/backend/venv/lib/python3.14/site-packages/psycopg/cursor.py", line 117, in execute
    raise ex.with_traceback(None)
sqlalchemy.exc.IntegrityError: (psycopg.errors.UniqueViolation) duplicate key value violates unique constraint "users_pkey"
DETAIL:  Key (id)=(37) already exists.
[SQL: INSERT INTO users (id, email, full_name, password_hash, role, is_active, created_at) VALUES (%(id)s::INTEGER, %(email)s::VARCHAR, %(full_name)s::VARCHAR, %(password_hash)s::VARCHAR, %(role)s::VARCHAR, %(is_active)s, %(created_at)s::TIMESTAMP WITHOUT TIME ZONE)]
[parameters: {'id': 37, 'email': 'qa_17752306101491@test.novacart.local', 'full_name': 'QA Test User', 'password_hash': 'pbkdf2_sha256$f57c1621b0c302eb85f82832dbf53169$syrIyS/TJA0PA6R04Jq7iE2A1GcadIho7ImCw2+UYB4=', 'role': 'customer', 'is_active': True, 'created_at': datetime.datetime(2026, 4, 3, 15, 36, 50, 166559)}]
(Background on this error at: https://sqlalche.me/e/20/gkpj)
INFO:     Shutting down
INFO:     Waiting for application shutdown.
INFO:     Application shutdown complete.
INFO:     Finished server process [53737]
